rookie_s,round,pick,Player,Pos
2022.0,1,8,Drake London,WR
2022.0,1,10,Garrett Wilson,WR
2022.0,1,11,Chris Olave,WR
2022.0,1,12,Jameson Williams,WR
2022.0,1,16,Jahan Dotson,WR
2022.0,1,18,Treylon Burks,WR
2022.0,2,2,Christian Watson,WR
2022.0,2,11,Wan'Dale Robinson,WR
2022.0,2,12,John Metchie,WR
2022.0,2,18,Tyquan Thornton,WR
2022.0,2,20,George Pickens,WR
2022.0,2,21,Alec Pierce,WR
2022.0,2,22,Skyy Moore,WR
2022.0,3,7,Velus Jones,WR
2022.0,3,24,Jalen Tolbert,WR
2022.0,3,35,David Bell,WR
2022.0,3,41,Danny Gray,WR
2022.0,4,20,Erik Ezukanma,WR
2022.0,4,27,Romeo Doubs,WR
2022.0,4,33,Calvin Austin,WR
2022.0,5,5,Khalil Shakir,WR
2022.0,5,19,Montrell Washington,WR
2022.0,5,20,Kyle Philips,WR
2022.0,6,12,Jalen Nailor,WR
2022.0,6,23,Michael Woods,WR
2022.0,7,8,Bo Melton,WR
2022.0,7,12,Dareke Young,WR
2022.0,7,37,Samori Toure,WR
2021.0,1,5,Ja'Marr Chase,WR
2021.0,1,6,Jaylen Waddle,WR
2021.0,1,10,DeVonta Smith,WR
2021.0,1,20,Kadarius Toney,WR
2021.0,1,27,Rashod Bateman,WR
2021.0,2,2,Elijah Moore,WR
2021.0,2,17,Rondale Moore,WR
2021.0,2,24,D'Wayne Eskridge,WR
2021.0,2,25,Tutu Atwell,WR
2021.0,2,27,Terrace Marshall,WR
2021.0,3,13,Josh Palmer,WR
2021.0,3,18,Dyami Brown,WR
2021.0,3,21,Amari Rodgers,WR
2021.0,3,25,Nico Collins,WR
2021.0,3,27,Anthony Schwartz,WR
2021.0,4,4,Dez Fitzpatrick,WR
2021.0,4,7,Amon-Ra St. Brown,WR
2021.0,4,24,Jaelon Darden,WR
2021.0,4,26,Tylan Wallace,WR
2021.0,5,13,Ihmir Smith-Marsette,WR
2021.0,5,35,Simi Fehoko,WR
2021.0,5,37,Cornell Powell,WR
2021.0,6,3,Frank Darby,WR
2021.0,6,19,Marquez Stevenson,WR
2021.0,6,20,Shi Smith,WR
2021.0,6,21,Racey McMath,WR
2021.0,6,25,Jalen Camp,WR
2021.0,6,35,Seth Williams,WR
2021.0,6,37,Dazz Newsome,WR
2021.0,7,1,Mike Strachan,WR
2021.0,7,15,Tre Nixon,WR
2021.0,7,22,Ben Skowronek,WR
2021.0,7,28,Kawaan Baker,WR
2021.0,7,31,Dax Milne,WR
2020.0,1,12,Henry Ruggs,WR
2020.0,1,15,Jerry Jeudy,WR
2020.0,1,17,CeeDee Lamb,WR
2020.0,1,21,Jalen Reagor,WR
2020.0,1,22,Justin Jefferson,WR
2020.0,1,25,Brandon Aiyuk,WR
2020.0,2,1,Tee Higgins,WR
2020.0,2,2,Michael Pittman,WR
2020.0,2,10,Laviska Shenault,WR
2020.0,2,14,KJ Hamler,WR
2020.0,2,17,Chase Claypool,WR
2020.0,2,25,Van Jefferson,WR
2020.0,2,27,Denzel Mims,WR
2020.0,3,2,Antonio Gibson,WR
2020.0,3,16,Lynn Bowden,WR
2020.0,3,17,Bryan Edwards,WR
2020.0,3,28,Devin Duvernay,WR
2020.0,4,22,Gabriel Davis,WR
2020.0,4,36,Antonio Gandy-Golden,WR
2020.0,5,5,Joe Reed,WR
2020.0,5,15,Tyler Johnson,WR
2020.0,5,19,Collin Johnson,WR
2020.0,5,20,Quintez Cephus,WR
2020.0,5,22,John Hightower,WR
2020.0,5,25,Isaiah Coulter,WR
2020.0,5,27,Darnell Mooney,WR
2020.0,5,30,K.J. Osborn,WR
2020.0,6,8,Donovan Peoples-Jones,WR
2020.0,6,21,Quez Watkins,WR
2020.0,6,22,James Proche,WR
2020.0,6,28,Isaiah Hodgins,WR
2020.0,6,33,Dezmon Patmon,WR
2020.0,6,35,Freddie Swain,WR
2020.0,7,3,Jauan Jennings,WR
2020.0,7,6,K.J. Hill,WR
2020.0,7,32,Malcolm Perry,WR
2020.0,7,38,Tyrie Cleveland,WR
2019.0,1,25,Marquise Brown,WR
2019.0,1,32,N'Keal Harry,WR
2019.0,2,4,Deebo Samuel,WR
2019.0,2,19,A.J. Brown,WR
2019.0,2,24,Mecole Hardman,WR
2019.0,2,25,JJ Arcega-Whiteside,WR
2019.0,2,27,Parris Campbell,WR
2019.0,2,30,Andy Isabella,WR
2019.0,2,32,D.K. Metcalf,WR
2019.0,3,2,Diontae Johnson,WR
2019.0,3,3,Jalen Hurd,WR
2019.0,3,12,Terry McLaurin,WR
2019.0,3,29,Miles Boykin,WR
2019.0,4,1,Hakeem Butler,WR
2019.0,4,18,Gary Jennings,WR
2019.0,4,24,Riley Ridley,WR
2019.0,5,11,Hunter Renfrow,WR
2019.0,5,26,EJ Speed,WR
2019.0,5,33,Darius Slayton,WR
2019.0,6,1,KeeSean Johnson,WR
2019.0,6,11,Travis Fulgham,WR
2019.0,6,14,Juwann Winfree,WR
2019.0,6,30,Marcus Green,WR
2019.0,6,33,Kelvin Harmon,WR
2019.0,6,35,Scotty Miller,WR
2019.0,7,22,John Ursua,WR
2019.0,7,23,Terry Godwin,WR
2019.0,7,25,Dillon Mitchell,WR
2019.0,7,33,Olabisi Johnson,WR
2018.0,1,24,D.J. Moore,WR
2018.0,1,26,Calvin Ridley,WR
2018.0,2,8,Courtland Sutton,WR
2018.0,2,12,Dante Pettis,WR
2018.0,2,15,Christian Kirk,WR
2018.0,2,19,Anthony Miller,WR
2018.0,2,28,James Washington,WR
2018.0,2,29,DJ Chark,WR
2018.0,3,17,Michael Gallup,WR
2018.0,3,27,Tre'Quan Smith,WR
2018.0,4,3,Keke Coutee,WR
2018.0,4,5,Antonio Callaway,WR
2018.0,4,13,DaeSean Hamilton,WR
2018.0,4,32,Jaleel Scott,WR
2018.0,4,33,J'Mon Moore,WR
2018.0,5,7,Justin Watson,WR
2018.0,5,22,Daurice Fountain,WR
2018.0,5,25,Jordan Lasley,WR
2018.0,5,37,Marquez Valdes-Scantling,WR
2018.0,6,1,Damion Ratley,WR
2018.0,6,11,Deon Cain,WR
2018.0,6,13,Ray-Ray McCloud,WR
2018.0,6,17,Dylan Cantrell,WR
2018.0,6,20,Russell Gage,WR
2018.0,6,33,Equanimeous St. Brown,WR
2018.0,6,34,Cedrick Wilson,WR
2018.0,6,36,Braxton Berrios,WR
2018.0,7,6,Javon Wims,WR
2018.0,7,10,Marcell Ateman,WR
2018.0,7,22,Richie James,WR
2018.0,7,35,Auden Tate,WR
2018.0,7,37,Austin Proehl,WR
2018.0,7,38,Trey Quinn,WR
2017.0,1,5,Corey Davis,WR
2017.0,1,7,Mike Williams,WR
2017.0,1,9,John Ross,WR
2017.0,2,5,Zay Jones,WR
2017.0,2,8,Curtis Samuel,WR
2017.0,2,30,JuJu Smith-Schuster,WR
2017.0,3,5,Cooper Kupp,WR
2017.0,3,8,Taywan Taylor,WR
2017.0,3,15,ArDarius Stewart,WR
2017.0,3,18,Carlos Henderson,WR
2017.0,3,20,Chris Godwin,WR
2017.0,3,32,Kenny Golladay,WR
2017.0,3,34,Chad Williams,WR
2017.0,3,42,Amara Darboh,WR
2017.0,4,3,Dede Westbrook,WR
2017.0,4,10,Josh Reynolds,WR
2017.0,4,12,Mack Hollins,WR
2017.0,4,22,Josh Malone,WR
2017.0,4,27,Ryan Switzer,WR
2017.0,4,33,Jehu Chesson,WR
2017.0,4,35,Chad Hansen,WR
2017.0,5,22,Shelton Gibson,WR
2017.0,5,27,Rodney Adams,WR
2017.0,5,29,Isaiah McKenzie,WR
2017.0,5,32,DeAngelo Yancey,WR
2017.0,5,34,Trent Taylor,WR
2017.0,6,25,Robert Davis,WR
2017.0,7,1,Stacy Coley,WR
2017.0,7,8,David Moore,WR
2017.0,7,19,Isaiah Ford,WR
2017.0,7,21,Noah Brown,WR
2017.0,7,29,Malachi Dupre,WR
2016.0,1,15,Corey Coleman,WR
2016.0,1,21,Will Fuller,WR
2016.0,1,22,Josh Doctson,WR
2016.0,1,23,Laquon Treadwell,WR
2016.0,2,9,Sterling Shepard,WR
2016.0,2,16,Michael Thomas,WR
2016.0,2,24,Tyler Boyd,WR
2016.0,3,22,Braxton Miller,WR
2016.0,3,23,Leonte Carroo,WR
2016.0,4,9,Chris Moore,WR
2016.0,4,14,Malcolm Mitchell,WR
2016.0,4,16,Ricardo Louis,WR
2016.0,4,19,Pharoh Cooper,WR
2016.0,4,28,Demarcus Robinson,WR
2016.0,5,1,Tajae Sharpe,WR
2016.0,5,15,Jordan Payton,WR
2016.0,5,26,Trevor Davis,WR
2016.0,5,28,Tyreek Hill,WR
2016.0,5,35,Rashard Higgins,WR
2016.0,6,5,Moritz Boehringer,WR
2016.0,6,11,Jakeem Grant,WR
2016.0,6,17,Kolby Listenbee,WR
2016.0,6,24,Cody Core,WR
2016.0,6,31,Mike Thomas,WR
2016.0,6,38,Aaron Burbridge,WR
2016.0,7,4,Devin Lucien,WR
2016.0,7,8,DeMarcus Ayers,WR
2016.0,7,9,Daniel Braverman,WR
2016.0,7,17,Devin Fuller,WR
2016.0,7,20,Charone Peake,WR
2016.0,7,22,Kenny Lawler,WR
2015.0,1,4,Amari Cooper,WR
2015.0,1,7,Kevin White,WR
2015.0,1,14,DeVante Parker,WR
2015.0,1,20,Nelson Agholor,WR
2015.0,1,26,Breshad Perriman,WR
2015.0,1,29,Phillip Dorsett,WR
2015.0,2,5,Devin Smith,WR
2015.0,2,8,Dorial Green-Beckham,WR
2015.0,2,9,Devin Funchess,WR
2015.0,3,5,Tyler Lockett,WR
2015.0,3,6,Jaelen Strong,WR
2015.0,3,12,Chris Conley,WR
2015.0,3,23,Sammie Coates,WR
2015.0,3,30,Ty Montgomery,WR
2015.0,4,6,Jamison Crowder,WR
2015.0,4,8,Justin Hardy,WR
2015.0,4,24,Vince Mayle,WR
2015.0,4,33,DeAndre Smelter,WR
2015.0,5,3,Rashad Greene,WR
2015.0,5,10,Stefon Diggs,WR
2015.0,5,20,Tony Lippett,WR
2015.0,5,23,J.J. Nelson,WR
2015.0,5,26,Kenny Bell,WR
2015.0,5,39,Keith Mumphery,WR
2015.0,6,8,Kaelin Clay,WR
2015.0,6,10,Geremy Davis,WR
2015.0,6,11,Evan Spencer,WR
2015.0,6,25,Bud Sasser,WR
2015.0,6,28,Darren Waller,WR
2015.0,7,3,Neal Sterling,WR
2015.0,7,4,Andre Debose,WR
2015.0,7,16,Da'Ron Brown,WR
2015.0,7,17,Dezmin Lewis,WR
2015.0,7,21,Mario Alford,WR
2015.0,7,28,Tre McBride,WR
2014.0,1,4,Sammy Watkins,WR
2014.0,1,7,Mike Evans,WR
2014.0,1,12,Odell Beckham,WR
2014.0,1,20,Brandin Cooks,WR
2014.0,1,28,Kelvin Benjamin,WR
2014.0,2,7,Marqise Lee,WR
2014.0,2,10,Jordan Matthews,WR
2014.0,2,13,Paul Richardson,WR
2014.0,2,21,Davante Adams,WR
2014.0,2,24,Cody Latimer,WR
2014.0,2,29,Allen Robinson,WR
2014.0,2,31,Jarvis Landry,WR
2014.0,3,22,Josh Huff,WR
2014.0,3,26,Donte Moncrief,WR
2014.0,3,27,John Brown,WR
2014.0,4,4,Jalen Saunders,WR
2014.0,4,6,Bruce Ellington,WR
2014.0,4,15,Shaq Evans,WR
2014.0,4,18,Martavis Bryant,WR
2014.0,4,23,Kevin Norwood,WR
2014.0,5,2,Ryan Grant,WR
2014.0,5,6,Devin Street,WR
2014.0,5,36,Jared Abbrederis,WR
2014.0,6,9,Robert Herron,WR
2014.0,6,13,T.J. Jones,WR
2014.0,6,14,Matt Hazel,WR
2014.0,6,20,Walt Powell,WR
2014.0,6,33,Quincy Enunwa,WR
2014.0,7,3,Mike Campanaro,WR
2014.0,7,21,Jeff Janis,WR
2014.0,7,24,James Wright,WR
2014.0,7,25,Tevin Reese,WR
2014.0,7,29,Jeremy Gallon,WR
2013.0,1,8,Tavon Austin,WR
2013.0,1,27,DeAndre Hopkins,WR
2013.0,1,29,Cordarrelle Patterson,WR
2013.0,2,2,Justin Hunter,WR
2013.0,2,9,Robert Woods,WR
2013.0,2,27,Aaron Dobson,WR
2013.0,3,12,Terrance Williams,WR
2013.0,3,14,Keenan Allen,WR
2013.0,3,16,Marquise Goodwin,WR
2013.0,3,17,Markus Wheaton,WR
2013.0,3,30,Stedman Bailey,WR
2013.0,4,4,Ace Sanders,WR
2013.0,4,5,Josh Boyce,WR
2013.0,4,26,Chris Harper,WR
2013.0,4,31,Quinton Patton,WR
2013.0,5,2,Denard Robinson,WR
2013.0,5,11,Kenny Stills,WR
2013.0,5,28,Tavarres King,WR
2013.0,6,3,Corey Fuller,WR
2013.0,6,6,Ryan Swope,WR
2013.0,6,18,Justin Brown,WR
2013.0,6,27,Alan Bonner,WR
2013.0,6,29,Cobi Hamilton,WR
2013.0,7,3,Brice Butler,WR
2013.0,7,10,Charles Johnson,WR
2013.0,7,18,Kevin Dorsey,WR
2013.0,7,30,Marquess Wilson,WR
2013.0,7,32,Aaron Mellette,WR
2013.0,2,0,Josh Gordon,WR
2012.0,1,5,Justin Blackmon,WR
2012.0,1,13,Michael Floyd,WR
2012.0,1,20,Kendall Wright,WR
2012.0,1,30,A.J. Jenkins,WR
2012.0,2,1,Brian Quick,WR
2012.0,2,11,Stephen Hill,WR
2012.0,2,13,Alshon Jeffery,WR
2012.0,2,22,Ryan Broyles,WR
2012.0,2,31,Rueben Randle,WR
2012.0,3,5,Devier Posey,WR
2012.0,3,6,T.J. Graham,WR
2012.0,3,20,Mohamed Sanu,WR
2012.0,3,29,T.Y. Hilton,WR
2012.0,4,1,Chris Givens,WR
2012.0,4,5,Travis Benjamin,WR
2012.0,4,9,Joe Adams,WR
2012.0,4,12,Devon Wylie,WR
2012.0,4,23,Jarius Wright,WR
2012.0,4,26,Keshawn Martin,WR
2012.0,4,27,Nick Toon,WR
2012.0,4,39,Greg Childs,WR
2012.0,5,17,Danny Coale,WR
2012.0,5,31,Marvin Jones,WR
2012.0,5,33,Juron Criner,WR
2012.0,6,13,B.J. Cunningham,WR
2012.0,6,24,Marvin McNutt,WR
2012.0,6,28,Tommy Streeter,WR
2012.0,6,36,LaVon Brazill,WR
2012.0,7,20,Rishard Matthews,WR
2012.0,7,24,Toney Clemons,WR
2012.0,7,28,Jeremy Ebert,WR
2012.0,7,31,Junior Hemingway,WR
2012.0,7,37,Jordan White,WR
2011.0,1,4,A.J. Green,WR
2011.0,1,6,Julio Jones,WR
2011.0,1,26,Jonathan Baldwin,WR
2011.0,2,12,Titus Young,WR
2011.0,2,26,Torrey Smith,WR
2011.0,2,27,Greg Little,WR
2011.0,2,32,Randall Cobb,WR
2011.0,3,14,Austin Pettis,WR
2011.0,3,15,Leonard Hankerson,WR
2011.0,3,18,Vincent Brown,WR
2011.0,3,19,Jerrel Jernigan,WR
2011.0,4,10,Kris Durham,WR
2011.0,4,14,Edmond Gates,WR
2011.0,4,15,Greg Salas,WR
2011.0,4,17,Cecil Shorts,WR
2011.0,4,26,Tandon Doss,WR
2011.0,5,1,Kealoha Pilares,WR
2011.0,5,17,Denarius Moore,WR
2011.0,5,22,Jeremy Kerley,WR
2011.0,5,24,Niles Paul,WR
2011.0,6,2,Ryan Whelan,WR
2011.0,6,11,Dwayne Harris,WR
2011.0,6,13,Aldrick Robinson,WR
2011.0,6,17,Ronald Johnson,WR
2011.0,7,24,Scotty McKnight,WR
2011.0,7,33,Stephen Burton,WR
2011.0,7,38,David Ausberry,WR
2011.0,7,46,Demarco Sampson,WR
2010.0,1,22,Demaryius Thomas,WR
2010.0,1,24,Dez Bryant,WR
2010.0,2,7,Arrelious Benn,WR
2010.0,2,28,Golden Tate,WR
2010.0,3,13,Damian Williams,WR
2010.0,3,14,Brandon LaFell,WR
2010.0,3,18,Emmanuel Sanders,WR
2010.0,3,20,Jordan Shipley,WR
2010.0,3,23,Eric Decker,WR
2010.0,3,24,Andre Roberts,WR
2010.0,3,25,Armanti Edwards,WR
2010.0,3,26,Taylor Price,WR
2010.0,4,1,Mardy Gilyard,WR
2010.0,4,3,Mike Williams,WR
2010.0,4,9,Marcus Easley,WR
2010.0,4,10,Jacoby Ford,WR
2010.0,5,25,David Reed,WR
2010.0,5,28,Riley Cooper,WR
2010.0,5,34,Kerry Meier,WR
2010.0,6,8,Carlton Mitchell,WR
2010.0,6,22,Dezmon Briscoe,WR
2010.0,6,26,Antonio Brown,WR
2010.0,6,29,David Gettis,WR
2010.0,6,37,Kyle Williams,WR
2010.0,7,12,Terrence Austin,WR
2010.0,7,15,Marc Mariani,WR
2010.0,7,48,Timothy Toone,WR
2009.0,1,7,Darrius Heyward-Bey,WR
2009.0,1,10,Michael Crabtree,WR
2009.0,1,19,Jeremy Maclin,WR
2009.0,1,22,Percy Harvin,WR
2009.0,1,29,Hakeem Nicks,WR
2009.0,1,30,Kenny Britt,WR
2009.0,2,4,Brian Robiskie,WR
2009.0,2,18,Mohamed Massaquoi,WR
2009.0,3,18,Derrick Williams,WR
2009.0,3,19,Brandon Tate,WR
2009.0,3,20,Mike Wallace,WR
2009.0,3,21,Ramses Barden,WR
2009.0,3,23,Patrick Turner,WR
2009.0,3,27,Deon Butler,WR
2009.0,3,35,Juaquin Iglesias,WR
2009.0,4,7,Mike Thomas,WR
2009.0,4,8,Brian Hartline,WR
2009.0,4,24,Louis Murphy,WR
2009.0,4,27,Austin Collie,WR
2009.0,5,4,Johnny Knox,WR
2009.0,5,5,Kenny McKinley,WR
2009.0,5,8,Jarett Dillard,WR
2009.0,5,24,Brooks Foster,WR
2009.0,6,2,Quinten Lawrence,WR
2009.0,6,21,Brandon Gibson,WR
2009.0,6,33,Dominique Edison,WR
2009.0,7,15,Demetrius Byrd,WR
2009.0,7,20,Manuel Johnson,WR
2009.0,7,23,Julian Edelman,WR
2009.0,7,24,Sammie Stroughter,WR
2009.0,7,34,Marko Mitchell,WR
2009.0,7,42,Derek Kinder,WR
2009.0,7,43,Freddie Brown,WR
2009.0,7,44,Tiquan Underwood,WR
2008.0,2,2,Donnie Avery,WR
2008.0,2,3,Devin Thomas,WR
2008.0,2,5,Jordy Nelson,WR
2008.0,2,10,James Hardy,WR
2008.0,2,11,Eddie Royal,WR
2008.0,2,15,Jerome Simpson,WR
2008.0,2,18,DeSean Jackson,WR
2008.0,2,20,Malcolm Kelly,WR
2008.0,2,22,Limas Sweed,WR
2008.0,2,27,Dexter Jackson,WR
2008.0,3,7,Earl Bennett,WR
2008.0,3,18,Early Doucet,WR
2008.0,3,21,Harry Douglas,WR
2008.0,3,32,Mario Manningham,WR
2008.0,3,34,Andre Caldwell,WR
2008.0,4,6,William Franklin,WR
2008.0,4,7,Marcus Smith,WR
2008.0,4,26,Arman Shields,WR
2008.0,4,27,Lavelle Hawkins,WR
2008.0,4,29,Keenan Burton,WR
2008.0,5,1,Kenneth Moore,WR
2008.0,5,18,Matthew Slater,WR
2008.0,6,5,Marcus Henry,WR
2008.0,6,8,Josh Morgan,WR
2008.0,6,16,Kevin Robinson,WR
2008.0,6,25,Paul Hubbard,WR
2008.0,6,27,Jaymar Johnson,WR
2008.0,6,39,Pierre Garcon,WR
2008.0,7,8,Justin Harper,WR
2008.0,7,10,Brett Swain,WR
2008.0,7,17,Steve Johnson,WR
2008.0,7,19,Chaz Schilens,WR
2008.0,7,30,Adrian Arrington,WR
2008.0,7,39,Mario Urrutia,WR
2008.0,7,41,Marcus Monk,WR
2007.0,1,2,Calvin Johnson,WR
2007.0,1,9,Ted Ginn,WR
2007.0,1,23,Dwayne Bowe,WR
2007.0,1,27,Robert Meachem,WR
2007.0,1,30,Craig Davis,WR
2007.0,1,32,Anthony Gonzalez,WR
2007.0,2,12,Sidney Rice,WR
2007.0,2,13,Dwayne Jarrett,WR
2007.0,2,19,Steve Smith,WR
2007.0,3,9,Jacoby Jones,WR
2007.0,3,10,Yamon Figurs,WR
2007.0,3,11,Laurent Robinson,WR
2007.0,3,12,Jason Hill,WR
2007.0,3,14,James Jones,WR
2007.0,3,15,Mike Walker,WR
2007.0,3,17,Paul Williams,WR
2007.0,3,36,Johnnie Lee Higgins,WR
2007.0,4,19,Ryne Robinson,WR
2007.0,4,29,Chris Davis,WR
2007.0,5,5,Steve Breaston,WR
2007.0,5,9,Aundrae Allison,WR
2007.0,5,20,David Clowney,WR
2007.0,5,32,Roy Hall,WR
2007.0,5,35,Legedu Naanee,WR
2007.0,6,14,Joel Filani,WR
2007.0,6,23,Courtney Taylor,WR
2007.0,6,36,Jordan Kent,WR
2007.0,7,17,Dallas Baker,WR
2007.0,7,19,John Broussard,WR
2007.0,7,23,Chandler Williams,WR
2007.0,7,24,Syndric Steptoe,WR
2007.0,7,25,Chansi Stuckey,WR
2007.0,7,39,Derek Stanley,WR
2007.0,7,44,Jonathan Holland,WR
2006.0,1,25,Santonio Holmes,WR
2006.0,2,4,Chad Jackson,WR
2006.0,2,12,Sinorice Moss,WR
2006.0,2,20,Greg Jennings,WR
2006.0,2,25,Devin Hester,WR
2006.0,3,14,Travis Wilson,WR
2006.0,3,18,Derek Hagan,WR
2006.0,3,20,Brandon Williams,WR
2006.0,3,26,Maurice Stovall,WR
2006.0,3,31,Willie Reid,WR
2006.0,4,6,Brad Smith,WR
2006.0,4,7,Cory Rodgers,WR
2006.0,4,12,Jason Avant,WR
2006.0,4,14,Demetrius Williams,WR
2006.0,4,18,Will Blackmon,WR
2006.0,4,22,Brandon Marshall,WR
2006.0,4,28,Skyler Green,WR
2006.0,4,33,Domenik Hixon,WR
2006.0,5,11,Marques Hagans,WR
2006.0,5,14,Jeremy Bloom,WR
2006.0,6,2,Mike Hass,WR
2006.0,6,3,Jonathan Orr,WR
2006.0,6,6,Delanie Walker,WR
2006.0,6,15,Adam Jennings,WR
2006.0,6,21,Jeff Webb,WR
2006.0,7,1,Ethan Kilmer,WR
2006.0,7,10,Todd Watkins,WR
2006.0,7,23,Bennie Brazell,WR
2006.0,7,25,Devin Aromashodu,WR
2006.0,7,41,Ben Obomanu,WR
2006.0,7,43,David Anderson,WR
2006.0,7,44,Marques Colston,WR
2006.0,7,47,Kevin McMahan,WR
2005.0,1,3,Braylon Edwards,WR
2005.0,1,7,Troy Williamson,WR
2005.0,1,10,Mike Williams,WR
2005.0,1,21,Matt Jones,WR
2005.0,1,22,Mark Clayton,WR
2005.0,1,27,Roddy White,WR
2005.0,2,3,Reggie Brown,WR
2005.0,2,7,Mark Bradley,WR
2005.0,2,23,Roscoe Parrish,WR
2005.0,2,26,Terrence Murphy,WR
2005.0,2,29,Vincent Jackson,WR
2005.0,3,4,Courtney Roby,WR
2005.0,3,19,Chris Henry,WR
2005.0,3,32,Brandon Jones,WR
2005.0,4,13,Jerome Mathis,WR
2005.0,4,15,Craphonso Thorpe,WR
2005.0,4,17,Chase Lyman,WR
2005.0,4,30,Fred Gibson,WR
2005.0,4,35,Roydell Williams,WR
2005.0,5,4,Airese Currie,WR
2005.0,5,19,Larry Brackins,WR
2005.0,5,38,Rasheed Marshall,WR
2005.0,6,11,Chad Owens,WR
2005.0,6,16,Tab Perry,WR
2005.0,6,18,Dante Ridgeway,WR
2005.0,6,21,Craig Bragg,WR
2005.0,7,9,Marcus Maxwell,WR
2005.0,7,11,Paris Warren,WR
2005.0,7,12,LeRon McCoy,WR
2005.0,7,26,Harry Williams,WR
2005.0,7,39,J.R. Russell,WR
2004.0,1,3,Larry Fitzgerald,WR
2004.0,1,7,Roy Williams,WR
2004.0,1,9,Reggie Williams,WR
2004.0,1,13,Lee Evans,WR
2004.0,1,15,Michael Clayton,WR
2004.0,1,29,Michael Jenkins,WR
2004.0,1,31,Rashaun Woods,WR
2004.0,2,18,Devery Henderson,WR
2004.0,2,22,Darius Watts,WR
2004.0,2,30,Keary Colbert,WR
2004.0,3,14,Derrick Hamilton,WR
2004.0,3,15,Bernard Berrian,WR
2004.0,3,19,Devard Darling,WR
2004.0,4,3,Carlos Francis,WR
2004.0,4,9,Samie Parker,WR
2004.0,4,12,Jerricho Cotchery,WR
2004.0,4,24,Ernest Wilford,WR
2004.0,5,2,Johnnie Morant,WR
2004.0,5,17,Maurice Mann,WR
2004.0,5,25,D.J. Hackett,WR
2004.0,5,31,Drew Carter,WR
2004.0,5,32,P.K. Sam,WR
2004.0,6,3,Jamaar Taylor,WR
2004.0,6,4,Ryan Krause,WR
2004.0,6,6,Triandos Luke,WR
2004.0,6,30,Jeris McIntyre,WR
2004.0,6,34,Clarence Moore,WR
2004.0,7,5,Mark Jones,WR
2004.0,7,10,Sloan Thomas,WR
2004.0,7,15,Patrick Crayton,WR
2004.0,7,43,Derek Abney,WR
2003.0,1,2,Charles Rogers,WR
2003.0,1,3,Andre Johnson,WR
2003.0,1,17,Bryant Johnson,WR
2003.0,2,12,Taylor Jacobs,WR
2003.0,2,13,Bethel Johnson,WR
2003.0,2,22,Anquan Boldin,WR
2003.0,2,28,Tyrone Calico,WR
2003.0,2,31,Teyo Johnson,WR
2003.0,3,1,Kelley Washington,WR
2003.0,3,7,Nate Burleson,WR
2003.0,3,10,Kevin Curtis,WR
2003.0,3,31,Billy McMullen,WR
2003.0,4,9,Shaun McDonald,WR
2003.0,4,27,Brandon Lloyd,WR
2003.0,4,30,Sam Aiken,WR
2003.0,5,4,Bobby Wade,WR
2003.0,5,8,Justin Gage,WR
2003.0,5,23,Adrian Madise,WR
2003.0,5,24,Jon Olinger,WR
2003.0,5,32,Doug Gabriel,WR
2003.0,5,34,J.R. Tolver,WR
2003.0,6,2,David Kircus,WR
2003.0,6,13,Zuriel Smith,WR
2003.0,6,23,LaTarence Dunbar,WR
2003.0,6,24,Arnaz Battle,WR
2003.0,6,26,Willie Ponder,WR
2003.0,6,30,Kareem Kelly,WR
2003.0,6,38,David Tyree,WR
2003.0,7,7,Keenan Howry,WR
2003.0,7,10,Taco Wallace,WR
2003.0,7,12,Walter Young,WR
2003.0,7,17,Talman Gardner,WR
2003.0,7,39,DeAndrew Rubin,WR
2003.0,7,41,Kevin Walter,WR
2003.0,7,42,Carl Ford,WR
2003.0,7,46,Travis Anglin,WR
2003.0,7,48,Ryan Hoag,WR
2002.0,1,13,Donte' Stallworth,WR
2002.0,1,19,Ashley Lelie,WR
2002.0,1,20,Javon Walker,WR
2002.0,2,1,Jabar Gaffney,WR
2002.0,2,4,Josh Reed,WR
2002.0,2,14,Tim Carter,WR
2002.0,2,15,Andre' Davis,WR
2002.0,2,16,Reche Caldwell,WR
2002.0,2,30,Antwaan Randle El,WR
2002.0,2,31,Antonio Bryant,WR
2002.0,2,33,Deion Branch,WR
2002.0,3,21,Marquis Walker,WR
2002.0,3,22,Cliff Russell,WR
2002.0,3,30,Eric Crouch,WR
2002.0,4,25,Ron Johnson,WR
2002.0,5,7,Terry Charles,WR
2002.0,5,9,Herb Haygood,WR
2002.0,5,14,Jason McAddley,WR
2002.0,5,16,Jake Schifino,WR
2002.0,5,27,Freddie Milons,WR
2002.0,5,35,Sam Simmons,WR
2002.0,6,12,Kahlil Hill,WR
2002.0,6,23,LaMont Brightful,WR
2002.0,6,30,Lee Mays,WR
2002.0,6,31,Jamin Elliott,WR
2002.0,6,34,Javin Hunter,WR
2002.0,6,36,Deveren Johnson,WR
2002.0,7,6,Michael Coleman,WR
2002.0,7,11,Kendall Newson,WR
2002.0,7,14,Darrell Hill,WR
2002.0,7,15,Daryl Jones,WR
2002.0,7,33,David Givens,WR
2002.0,7,39,Rodney Wright,WR
2002.0,7,43,Aaron Lockett,WR
2001.0,1,8,David Terrell,WR
2001.0,1,9,Koren Robinson,WR
2001.0,1,15,Rod Gardner,WR
2001.0,1,16,Santana Moss,WR
2001.0,1,25,Freddie Mitchell,WR
2001.0,1,30,Reggie Wayne,WR
2001.0,2,2,Quincy Morgan,WR
2001.0,2,5,Chad Johnson,WR
2001.0,2,10,Robert Ferguson,WR
2001.0,2,21,Chris Chambers,WR
2001.0,3,12,Steve Smith,WR
2001.0,3,15,Marvin Minnis,WR
2001.0,4,21,Milton Wynn,WR
2001.0,4,29,Justin McCareins,WR
2001.0,4,36,Cedric James,WR
2001.0,5,5,Vinny Sutherland,WR
2001.0,5,9,Alex Bannister,WR
2001.0,5,17,Scotty Anderson,WR
2001.0,5,22,Onomo Ojo,WR
2001.0,5,23,Darnerien McCants,WR
2001.0,5,28,Eddie Berlin,WR
2001.0,5,31,Jonathan Carter,WR
2001.0,6,3,Bobby Newcombe,WR
2001.0,6,6,Cedrick Wilson,WR
2001.0,6,27,Kevin Kasper,WR
2001.0,6,34,Francis St. Paul,WR
2001.0,6,35,David Martin,WR
2001.0,7,4,T.J. Houshmandzadeh,WR
2001.0,7,8,John Capel,WR
2001.0,7,14,Reggie Germany,WR
2001.0,7,18,Chris Taylor,WR
2001.0,7,29,Ken-Yon Rambo,WR
2001.0,7,35,Richmond Flowers,WR
2001.0,7,36,Quentin McCord,WR
2001.0,7,45,Andre King,WR
2000.0,1,4,Peter Warrick,WR
2000.0,1,8,Plaxico Burress,WR
2000.0,1,10,Travis Taylor,WR
2000.0,1,21,Sylvester Morris,WR
2000.0,1,29,R. Jay Soward,WR
2000.0,2,1,Dennis Northcutt,WR
2000.0,2,5,Todd Pinkston,WR
2000.0,2,16,Jerry Porter,WR
2000.0,3,4,Ron Dugans,WR
2000.0,3,7,Dez White,WR
2000.0,3,8,Chris Cole,WR
2000.0,3,11,Ron Dixon,WR
2000.0,3,16,Laveranues Coles,WR
2000.0,3,17,JaJuan Dawson,WR
2000.0,3,18,Darrell Jackson,WR
2000.0,4,5,Gari Scott,WR
2000.0,4,9,Danny Farmer,WR
2000.0,4,17,Trevor Gaylor,WR
2000.0,4,20,Anthony Lucas,WR
2000.0,4,27,Avion Black,WR
2000.0,5,14,Windrell Hayes,WR
2000.0,5,22,Joey Jamison,WR
2000.0,5,25,Muneer Moore,WR
2000.0,5,36,Troy Walters,WR
2000.0,6,6,Mareno Philyaw,WR
2000.0,6,9,James Williams,WR
2000.0,6,30,Emanuel Smith,WR
2000.0,6,34,Sherrod Gideon,WR
2000.0,7,2,Desmond Kitchings,WR
2000.0,7,27,Drew Haddad,WR
2000.0,7,36,Charles Lee,WR
2000.0,7,40,Leroy Fields,WR
2000.0,7,44,Ethan Howell,WR
1999.0,1,6,Torry Holt,WR
1999.0,1,8,David Boston,WR
1999.0,1,13,Troy Edwards,WR
1999.0,2,1,Kevin Johnson,WR
1999.0,2,22,Peerless Price,WR
1999.0,3,10,D'Wayne Bates,WR
1999.0,3,17,Marty Booker,WR
1999.0,3,21,Karsten Bailey,WR
1999.0,3,32,Travis McGriff,WR
1999.0,4,3,Craig Yeast,WR
1999.0,4,7,Dameane Douglas,WR
1999.0,4,10,Brandon Stokley,WR
1999.0,4,13,Larry Parker,WR
1999.0,4,23,Wane McGarity,WR
1999.0,4,35,Na Brown,WR
1999.0,5,15,Darrin Chiaverini,WR
1999.0,5,19,Charlie Rogers,WR
1999.0,5,31,Eugene Baker,WR
1999.0,5,33,Malcolm Johnson,WR
1999.0,6,2,Tai Streets,WR
1999.0,6,17,Darran Hall,WR
1999.0,6,24,MarTay Jenkins,WR
1999.0,6,27,Dee Miller,WR
1999.0,6,32,Troy Smith,WR
1999.0,6,35,Chad Plummer,WR
1999.0,7,7,Donald Driver,WR
1999.0,7,11,Tim Alexander,WR
1999.0,7,12,Billy Miller,WR
1999.0,7,15,Sulecio Sanford,WR
1999.0,7,34,Darnell McDonald,WR
1999.0,7,35,Sean Morey,WR
1999.0,7,41,Rondel Menendez,WR
1998.0,1,16,Kevin Dyson,WR
1998.0,1,21,Randy Moss,WR
1998.0,1,30,Marcus Nash,WR
1998.0,2,2,Jerome Pathon,WR
1998.0,2,4,Jacquez Green,WR
1998.0,2,12,Patrick Johnson,WR
1998.0,2,20,Germane Crowell,WR
1998.0,2,22,Tony Simmons,WR
1998.0,2,25,Joe Jurevicius,WR
1998.0,2,29,Mikhael Ricks,WR
1998.0,3,9,Brian Alford,WR
1998.0,3,10,E.G. Green,WR
1998.0,3,13,Jammi German,WR
1998.0,3,21,Larry Shannon,WR
1998.0,3,31,Hines Ward,WR
1998.0,4,4,Az Hakim,WR
1998.0,4,14,Donald Hayes,WR
1998.0,4,22,Tim Dwight,WR
1998.0,5,27,Corey Bradford,WR
1998.0,6,7,Fred Coleman,WR
1998.0,6,14,Jason Tucker,WR
1998.0,6,16,Bobby Shaw,WR
1998.0,6,17,Patrick Palmer,WR
1998.0,6,21,Chris Brazzell,WR
1998.0,7,3,Alvis Whitted,WR
1998.0,7,4,Phil Savoy,WR
1998.0,7,15,Andy McCullough,WR
1998.0,7,26,Ryan Thelwell,WR
1998.0,7,39,Jim Turner,WR
1998.0,7,45,Kio Sanford,WR
1998.0,7,49,Kamil Loud,WR
1997.0,1,7,Ike Hilliard,WR
1997.0,1,15,Yatil Green,WR
1997.0,1,16,Reidel Anthony,WR
1997.0,1,27,Rae Carruth,WR
1997.0,2,16,Joey Kent,WR
1997.0,2,17,Kevin Lockett,WR
1997.0,2,23,Will Blackwell,WR
1997.0,3,28,Dedric Ward,WR
1997.0,4,2,Derrick Mason,WR
1997.0,4,12,Marcus Robinson,WR
1997.0,4,19,Albert Connell,WR
1997.0,4,20,Keith Poole,WR
1997.0,4,31,Macey Brooks,WR
1997.0,5,9,Chad Carpenter,WR
1997.0,5,20,Nathaniel Jacquet,WR
1997.0,6,7,Brian Manning,WR
1997.0,6,20,Robert Tate,WR
1997.0,6,27,Antwuan Wyatt,WR
1997.0,6,29,Tony Gaiter,WR
1997.0,6,32,Isaac Byrd,WR
1997.0,6,34,Nigea Carter,WR
1997.0,7,12,Chris Miller,WR
1997.0,7,22,Michael Adams,WR
1997.0,7,31,Marcus Harris,WR
1997.0,7,34,Matthew Hatchette,WR
1996.0,1,1,Keyshawn Johnson,WR
1996.0,1,7,Terry Glenn,WR
1996.0,1,18,Eddie Kennison,WR
1996.0,1,19,Marvin Harrison,WR
1996.0,1,24,Eric Moulds,WR
1996.0,2,1,Alex Van Dyke,WR
1996.0,2,4,Amani Toomer,WR
1996.0,2,11,Bryan Still,WR
1996.0,2,13,Muhsin Muhammad,WR
1996.0,2,22,Bobby Engram,WR
1996.0,2,26,Derrick Mayes,WR
1996.0,3,28,Terrell Owens,WR
1996.0,3,33,Stepfret Williams,WR
1996.0,4,15,Reggie Barlow,WR
1996.0,4,19,Charlie Jones,WR
1996.0,4,37,Jahine Arnold,WR
1996.0,5,3,Joe Horn,WR
1996.0,5,4,Mercury Hayes,WR
1996.0,5,21,Jermaine Lewis,WR
1996.0,5,27,Patrick Jeffers,WR
1996.0,5,28,Iheanyi Uwaezukoe,WR
1996.0,5,33,Terry Guess,WR
1996.0,6,9,Dietrich Jells,WR
1996.0,6,13,Nilo Silvan,WR
1996.0,6,18,Chris Doering,WR
1996.0,6,19,James Roe,WR
1996.0,6,32,Philip Riley,WR
1996.0,6,37,Toderick Malone,WR
1996.0,7,8,Donnell Baker,WR
1996.0,7,18,Clarence Jones,WR
1996.0,7,19,Gregory Spann,WR
1996.0,7,41,DeAndre Maxwell,WR
1996.0,7,42,Brice Hunter,WR
1995.0,1,4,Michael Westbrook,WR
1995.0,1,8,Joey Galloway,WR
1995.0,1,10,J.J. Stokes,WR
1995.0,2,15,Frank Sanders,WR
1995.0,2,29,Jimmy Oliver,WR
1995.0,3,3,Chris Sanders,WR
1995.0,3,14,Chris T. Jones,WR
1995.0,3,17,Tamarick Vanover,WR
1995.0,3,26,Antonio Freeman,WR
1995.0,4,9,Tyrone Davis,WR
1995.0,4,12,Eric Bjornson,WR
1995.0,4,15,Justin Armour,WR
1995.0,4,18,Jack Jackson,WR
1995.0,5,1,Michael Senters,WR
1995.0,5,5,David Dunn,WR
1995.0,5,11,Roell Preston,WR
1995.0,5,13,Mike Miller,WR
1995.0,5,22,Kez McCorvey,WR
1995.0,5,28,Omar Ellison,WR
1995.0,5,32,Edward Hervey,WR
1995.0,6,2,Charlie Simmons,WR
1995.0,6,12,Brandon Harrison,WR
1995.0,6,13,Lee DeRamus,WR
1995.0,6,32,Eddie Goines,WR
1995.0,7,4,Billy Williams,WR
1995.0,7,9,Curtis Ceaser,WR
1995.0,7,11,Curtis Marsh,WR
1995.0,7,14,Byron Chamberlain,WR
1995.0,7,23,A.C. Tellison,WR
1995.0,7,27,Henry Bailey,WR
1995.0,7,32,J.T. Thomas,WR
1995.0,7,38,Shannon Myers,WR
1994.0,1,17,Charles Johnson,WR
1994.0,1,21,Johnnie Morton,WR
1994.0,1,24,Thomas Lewis,WR
1994.0,1,29,Derrick Alexander,WR
1994.0,2,1,Darnay Scott,WR
1994.0,2,4,Isaac Bruce,WR
1994.0,2,6,Kevin Lee,WR
1994.0,2,11,David Palmer,WR
1994.0,2,12,Ryan Yarborough,WR
1994.0,2,16,Bert Emanuel,WR
1994.0,2,19,Bucky Brooks,WR
1994.0,3,3,Tydus Winans,WR
1994.0,3,5,Andre Coleman,WR
1994.0,3,22,Cory Fleming,WR
1994.0,3,27,Lake Dawson,WR
1994.0,3,31,Chris Penn,WR
1994.0,3,36,Malcom Seabron,WR
1994.0,4,5,Chris Brantley,WR
1994.0,4,6,Willie Jackson,WR
1994.0,4,14,Orlando Parker,WR
1994.0,5,7,Harrison Houston,WR
1994.0,5,15,Terry Mickens,WR
1994.0,6,8,Jay Kearney,WR
1994.0,6,9,Lloyd Hill,WR
1994.0,6,15,Darrell Mitchell,WR
1994.0,6,20,Bill Schroeder,WR
1994.0,6,26,Lee Gissendaner,WR
1994.0,6,31,Kevin Knox,WR
1993.0,1,7,Curtis Conway,WR
1993.0,1,16,Sean Dawkins,WR
1993.0,1,25,O.J. McDuffie,WR
1993.0,2,17,Kevin Williams,WR
1993.0,2,21,Victor Bailey,WR
1993.0,2,23,Qadry Ismail,WR
1993.0,2,27,Vincent Brisby,WR
1993.0,3,4,Lamar Thomas,WR
1993.0,3,20,Andre Hastings,WR
1993.0,4,18,Travis Hannah,WR
1993.0,4,20,Horace Copeland,WR
1993.0,4,27,Russell Copeland,WR
1993.0,5,2,Terrance Warren,WR
1993.0,5,10,Sean LaChapelle,WR
1993.0,5,13,Olanda Truitt,WR
1993.0,5,17,Kenny Shedd,WR
1993.0,5,22,Walter Dunson,WR
1993.0,6,14,Melvin Bonner,WR
1993.0,7,8,Tyree Davis,WR
1993.0,7,14,Antonius Kimbrough,WR
1993.0,7,18,Danan Hughes,WR
1993.0,7,19,Partick Robinson,WR
1993.0,7,27,Willie Harris,WR
1993.0,8,2,Troy Brown,WR
1993.0,8,9,Shannon Baker,WR
1993.0,8,14,Brian Stablein,WR
1993.0,8,19,Stevie Anderson,WR
1993.0,8,24,Darrick Branch,WR
1992.0,1,4,Desmond Howard,WR
1992.0,2,3,Carl Pickens,WR
1992.0,2,8,Jimmy Smith,WR
1992.0,2,16,Courtney Hawkins,WR
1992.0,2,24,Patrick Rowe,WR
1992.0,3,4,Todd Kinchen,WR
1992.0,3,6,Robert Brooks,WR
1992.0,3,7,Ray Ethridge,WR
1992.0,3,21,Corey Harris,WR
1992.0,4,10,Charles Davenport,WR
1992.0,5,18,Orlando McKay,WR
1992.0,5,26,Torrance Small,WR
1992.0,6,1,Shoun Habersham,WR
1992.0,6,3,Rico Smith,WR
1992.0,6,10,Michael Bates,WR
1992.0,6,19,Tony Smith,WR
1992.0,6,20,Jeff Sydner,WR
1992.0,6,22,Mario Bailey,WR
1992.0,7,8,Wayne Hawkins,WR
1992.0,7,21,Elbert Tuener,WR
1992.0,7,22,Chris Holder,WR
1992.0,7,24,John Brown,WR
1992.0,7,25,Jon Bostick,WR
1992.0,8,6,Eric Blount,WR
1992.0,8,23,Vincent Brownlee,WR
1992.0,9,1,Eddie Miller,WR
1992.0,9,7,Johnnie Barnes,WR
1992.0,9,13,Ronnie West,WR
1992.0,9,15,Tyrone Williams,WR
1992.0,9,18,Darian Hagan,WR
1992.0,9,27,Chris Walsh,WR
1992.0,10,22,Dion Johnson,WR
1992.0,10,24,Marcus Dowdell,WR
1992.0,10,27,Barry Rose,WR
1992.0,11,2,Brian Thomas,WR
1992.0,11,9,Augustin Olobia,WR
1992.0,11,12,Nate Singleton,WR
1992.0,11,13,Eric Boles,WR
1992.0,11,14,Lee Miles,WR
1992.0,11,22,Tim Daniel,WR
1992.0,11,25,Cedric Tillman,WR
1992.0,11,28,Terry Smith,WR
1992.0,12,14,Joe Randolph,WR
1992.0,12,15,Charles Swann,WR
1992.0,12,25,Freeman Baysinger,WR
1991.0,1,10,Herman Moore,WR
1991.0,1,12,Alvin Harper,WR
1991.0,1,13,Mike Pritchard,WR
1991.0,1,23,Randal Hill,WR
1991.0,2,15,Wesley Carroll,WR
1991.0,2,19,Jeff Graham,WR
1991.0,2,24,Doug Thomas,WR
1991.0,3,3,Reggie Barrett,WR
1991.0,3,11,Lawrence Dawsey,WR
1991.0,3,13,Jake Reed,WR
1991.0,3,18,Ernie Mills,WR
1991.0,3,19,David Daniels,WR
1991.0,3,22,Tim Barnett,WR
1991.0,3,28,Ed McCaffrey,WR
1991.0,4,6,Derek Russell,WR
1991.0,4,7,Yancey Thigpen,WR
1991.0,4,17,Raghib Ismail,WR
1991.0,4,26,Rob Carpenter,WR
1991.0,5,18,Gary Wellman,WR
1991.0,5,23,Anthony Morgan,WR
1991.0,6,2,Michael Jackson,WR
1991.0,6,27,Millard Hamilton,WR
1991.0,7,10,David Jones,WR
1991.0,7,14,James Bradley,WR
1991.0,8,8,Johnny Walker,WR
1991.0,8,26,Tony Hargain,WR
1991.0,8,27,Brad Lamb,WR
1991.0,9,10,Treamelle Taylor,WR
1991.0,9,12,Damon Mays,WR
1991.0,9,16,Shawn Wiggins,WR
1991.0,9,17,Shawn Jefferson,WR
1991.0,9,18,Shane Garrett,WR
1991.0,9,23,Scott Miller,WR
1991.0,9,27,Jerry Bouldin,WR
1991.0,10,3,Curtis Mayfield,WR
1991.0,10,6,Walter Sutton,WR
1991.0,11,1,Vince Moore,WR
1991.0,11,7,Slip Watkins,WR
1991.0,11,12,Joachim Weinberg,WR
1991.0,11,22,Bobby Olive,WR
1991.0,11,26,Bobby Slaughter,WR
1991.0,12,7,Darren Hughes,WR
1991.0,12,10,Linzy Collins,WR
1991.0,12,19,Alex Johnson,WR
1991.0,12,20,Keenan McCardell,WR
1991.0,12,24,Dennis Johnson,WR
1991.0,1,0,Rob Moore,WR
1990.0,2,1,Alexander Wright,WR
1990.0,2,3,Reggie Rembert,WR
1990.0,2,25,Mike Bellamy,WR
1990.0,3,5,Ricky Proehl,WR
1990.0,3,14,Walter Wilson,WR
1990.0,3,15,Ron Lewis,WR
1990.0,3,24,Fred Barnett,WR
1990.0,3,27,Greg McMurtry,WR
1990.0,4,2,Stacey Simmons,WR
1990.0,4,7,Tony Moss,WR
1990.0,4,15,Fred Jones,WR
1990.0,4,16,Chris Calloway,WR
1990.0,5,7,Reggie Thornton,WR
1990.0,5,9,Jeff Campbell,WR
1990.0,5,13,Lynn James,WR
1990.0,5,23,Charles Wilson,WR
1990.0,5,24,Calvin Williams,WR
1990.0,6,3,Terance Mathis,WR
1990.0,6,5,Tyrone Shavers,WR
1990.0,6,16,Tony Jones,WR
1990.0,6,18,Ron Heard,WR
1990.0,6,24,Tim Stallworth,WR
1990.0,7,22,Nate Lewis,WR
1990.0,8,1,Willie Green,WR
1990.0,8,12,Thomas Woods,WR
1990.0,8,27,Dwight Pickens,WR
1990.0,9,3,Dale Dawkins,WR
1990.0,9,12,Darvell Huffman,WR
1990.0,9,17,Pat Coleman,WR
1990.0,9,18,Clarkston Hines,WR
1990.0,9,20,Eugene Rowell,WR
1990.0,9,25,Tony Lomack,WR
1990.0,10,1,Patrick Newman,WR
1990.0,10,10,Bill Miller,WR
1990.0,10,12,Gary Cooper,WR
1990.0,11,5,Terry Anthony,WR
1990.0,11,6,Dempsey Norman,WR
1990.0,11,16,Al Edwards,WR
1990.0,11,24,Tyrone Watson,WR
1990.0,11,27,Ron Lewis,WR
1990.0,12,9,Robert Claiborne,WR
1990.0,12,10,Andre Riley,WR
1990.0,12,14,Tony Jeffery,WR
1990.0,12,19,Kerry Simien,WR
1990.0,12,22,Elliott Searcy,WR
1989.0,1,16,Hart Lee Dykes,WR
1989.0,1,22,Andre Rison,WR
1989.0,1,27,Shawn Collins,WR
1989.0,2,2,John Ford,WR
1989.0,2,3,Lawyer Tillman,WR
1989.0,2,5,Danny Peebles,WR
1989.0,3,4,Naz Worthern,WR
1989.0,3,5,Derek Hill,WR
1989.0,3,26,Don Beebe,WR
1989.0,4,16,Michael Timpson,WR
1989.0,4,20,Rod Harris,WR
1989.0,4,25,John Kolesar,WR
1989.0,4,26,Erik Affholter,WR
1989.0,4,28,Mike Barber,WR
1989.0,5,4,Vernon Joines,WR
1989.0,5,12,Jeff Query,WR
1989.0,5,14,Tony Martin,WR
1989.0,5,23,Alfred Jackson,WR
1989.0,6,4,Robb Thomas,WR
1989.0,6,5,Mark Stock,WR
1989.0,6,13,Anthony Stafford,WR
1989.0,6,14,Titus Dixon,WR
1989.0,6,20,Floyd Turner,WR
1989.0,7,27,Kendall Smith,WR
1989.0,8,9,Dana Brinson,WR
1989.0,8,18,Fred Hadley,WR
1989.0,9,16,William Mackall,WR
1989.0,10,2,Jason Phillips,WR
1989.0,10,8,Deval Glover,WR
1989.0,10,18,Mike Williams,WR
1989.0,10,26,John Simpson,WR
1989.0,11,6,Brian Slater,WR
1989.0,11,23,Herb Duncan,WR
1989.0,11,28,Norm McGee,WR
1989.0,12,1,Scott Ankrom,WR
1989.0,12,13,John Javis,WR
1989.0,12,14,Willie Snead,WR
1989.0,12,20,Mike Carore,WR
1989.0,12,23,Freddy Weygand,WR
1989.0,12,28,Everett Ross,WR
1989.0,5,0,Ryan Bethea,WR
1988.0,1,6,Tim Brown,WR
1988.0,1,7,Sterling Sharpe,WR
1988.0,1,11,Michael Irvin,WR
1988.0,1,15,Anthony Miller,WR
1988.0,1,20,Aaron Cox,WR
1988.0,1,27,Wendell Davis,WR
1988.0,2,19,Flipper Anderson,WR
1988.0,2,22,Brian Blades,WR
1988.0,2,25,Brett Perriman,WR
1988.0,3,3,Ray Roundtree,WR
1988.0,3,5,Quinn Early,WR
1988.0,3,10,Bernard Fored,WR
1988.0,3,20,Tommy Kane,WR
1988.0,4,14,J.R. Ambrose,WR
1988.0,4,15,Sammy Martin,WR
1988.0,6,1,George Thomas,WR
1988.0,7,1,Michael Haynes,WR
1988.0,7,4,Jeff James,WR
1988.0,7,11,Todd White,WR
1988.0,7,14,Ernie jones,WR
1988.0,7,16,Darryl Usher,WR
1988.0,7,17,Marc Zeno,WR
1988.0,8,6,Mike Alexander,WR
1988.0,8,8,Darryl Franklin,WR
1988.0,8,23,J.J. Birden,WR
1988.0,9,3,Azizuddin Abdur-Ra'oof,WR
1988.0,9,11,Brain Bedford,WR
1988.0,9,24,Rogie Magee,WR
1988.0,10,5,Paco Craig,WR
1988.0,10,11,Andy Schillinger,WR
1988.0,10,22,Marco Johnson,WR
1988.0,11,1,James Milling,WR
1988.0,11,2,Frank Pillow,WR
1988.0,11,9,Greg Harris,WR
1988.0,11,23,Hendley Hawkins,WR
1988.0,11,25,Gary Couch,WR
1988.0,12,2,Carl Parker,WR
1988.0,12,3,Aaron Kenney,WR
1988.0,12,7,Scott Bolton,WR
1988.0,12,28,Jeff Bethard,WR
1988.0,4,0,Cris Carter,WR
1987.0,1,20,Haywood Jeffires,WR
1987.0,1,27,Ricky Nattiel,WR
1987.0,1,28,Mark Ingram,WR
1987.0,2,12,Lonzell Hill,WR
1987.0,2,26,Ron Morris,WR
1987.0,2,28,Scott Schwedes,WR
1987.0,3,1,Mark Carrier,WR
1987.0,3,10,Charles Lockett,WR
1987.0,3,15,Frankie Neal,WR
1987.0,3,27,Stephen Baker,WR
1987.0,4,11,Kelvin Martin,WR
1987.0,4,22,Bruce Hill,WR
1987.0,4,28,Odessa Turner,WR
1987.0,5,2,Roy Banks,WR
1987.0,5,12,Everett Gay,WR
1987.0,5,16,Kitrick Taylor,WR
1987.0,5,22,Paul Jokisch,WR
1987.0,6,5,Willie Marshall,WR
1987.0,6,12,Thomas Henley,WR
1987.0,6,16,Greg Richardson,WR
1987.0,6,21,Tracy Martin,WR
1987.0,6,23,Gene Taylor,WR
1987.0,7,2,Mark Bellini,WR
1987.0,7,5,Jamie Holland,WR
1987.0,8,7,Michael James,WR
1987.0,9,10,Joey Clinkscales,WR
1987.0,10,7,Curtis Duncan,WR
1987.0,10,8,Raynard Brown,WR
1987.0,10,12,Robert Clark,WR
1987.0,10,19,Louis Clark,WR
1987.0,10,23,Ted Wilson,WR
1987.0,11,3,Patrick Scott,WR
1987.0,11,19,Craig Richardson,WR
1987.0,11,22,Calvin Nicholas,WR
1987.0,11,25,Laron Brown,WR
1987.0,12,8,Gary Lee,WR
1986.0,1,18,Mike Sherrard,WR
1986.0,1,21,Tim McGee,WR
1986.0,2,7,Ernest Givins,WR
1986.0,2,16,Webster Slaughter,WR
1986.0,2,18,Walter Murray,WR
1986.0,3,21,John Taylor,WR
1986.0,3,27,David Williams,WR
1986.0,4,4,Bill Brooks,WR
1986.0,4,6,Kelvin Edwards,WR
1986.0,4,8,Charles Fox,WR
1986.0,4,25,James Pruitt,WR
1986.0,5,10,Hassan Jones,WR
1986.0,5,16,Bobby Joe Edmonds,WR
1986.0,5,20,Vince Warren,WR
1986.0,5,28,Lew Barnes,WR
1986.0,6,1,Ron Brown,WR
1986.0,6,4,Robert Thompson,WR
1986.0,6,16,Floyd Dixon,WR
1986.0,6,17,Curt Partridge,WR
1986.0,6,19,Solomon Miller,WR
1986.0,6,23,Mark Jackson,WR
1986.0,7,3,Corn Redick,WR
1986.0,7,4,Eric Swanson,WR
1986.0,7,19,Johnny Holloway,WR
1986.0,7,21,Ray McDonald,WR
1986.0,8,11,Allyn Griffin,WR
1986.0,9,1,Reggie Bynum,WR
1986.0,9,23,Joe Thomas,WR
1986.0,10,6,Wes Smith,WR
1986.0,10,10,Joe Cormier,WR
1986.0,10,11,Warren Seitz,WR
1986.0,10,18,Elliston Stinson,WR
1986.0,11,9,John Armstron,WR
1986.0,11,13,Leland Melvin,WR
1986.0,11,27,Gene Thomas,WR
1986.0,11,28,Glen Kozlowski,WR
1986.0,12,3,Steve Griffin,WR
1986.0,12,6,Sebastian Brown,WR
1986.0,12,18,Eric Yarber,WR
1986.0,12,25,Larry Shepherd,WR
1985.0,1,10,Al Toon,WR
1985.0,1,13,Eddie Brown,WR
1985.0,1,16,Jerry Rice,WR
1985.0,1,23,Jessie Hester,WR
1985.0,2,3,Vance Johnson,WR
1985.0,2,14,Chris Burkett,WR
1985.0,2,18,Stacy Robinson,WR
1985.0,2,22,Chuck Scott,WR
1985.0,3,22,James Maness,WR
1985.0,3,23,Tim Moffett,WR
1985.0,3,25,Danny Greene,WR
1985.0,4,1,Buster Rhymes,WR
1985.0,4,2,Andre Reed,WR
1985.0,4,5,Emile Harry,WR
1985.0,4,10,Doug Allen,WR
1985.0,4,14,Walter Stanley,WR
1985.0,4,24,Gerald Phelan,WR
1985.0,5,18,Jimmy Teal,WR
1985.0,5,20,Tracy Henderson,WR
1985.0,5,22,Tony Smith,WR
1985.0,6,5,George Shorthose,WR
1985.0,6,21,Michael Young,WR
1985.0,7,2,Mike Akiu,WR
1985.0,7,5,James Harbour,WR
1985.0,7,7,Reggie Langhorne,WR
1985.0,7,9,Jamie Harris,WR
1985.0,7,10,Karl Powe,WR
1985.0,7,11,Eric Martin,WR
1985.0,7,20,Mark Pattison,WR
1985.0,8,4,Ricky Nichols,WR
1985.0,8,7,Fred Banks,WR
1985.0,8,8,Phil Freeman,WR
1985.0,8,14,Ira Hillary,WR
1985.0,8,20,Leon Gonzales,WR
1985.0,8,25,Judious Lewis,WR
1985.0,9,2,Steve Tasker,WR
1985.0,10,2,Juan Johnson,WR
1985.0,10,6,Clayton Beauford,WR
1985.0,11,1,Willie Drewery,WR
1985.0,11,26,Gary Rolle,WR
1985.0,12,7,Shane Swanson,WR
1985.0,12,11,Bill Wallace,WR
1985.0,1,9,Joey Jones,WR
1985.0,1,16,Ricky Sanders,WR
1985.0,1,20,Alphonso Williams,WR
1985.0,1,23,Duane Gunn,WR
1985.0,1,24,Derrick Crawford,WR
1985.0,1,26,Danny Knight,WR
1985.0,1,28,Chris Woods,WR
1985.0,2,9,Jim Sandusky,WR
1985.0,2,16,Gerald McNeil,WR
1985.0,2,18,Rick Massie,WR
1985.0,2,26,Malcolm Moore,WR
1985.0,2,27,Gary Clark,WR
1985.0,3,6,Clarence Collins,WR
1985.0,3,26,Duan Hanks,WR
1985.0,3,27,Clarence Verdin,WR
1984.0,1,1,Irving Fryar,WR
1984.0,1,4,Kenny Jackson,WR
1984.0,1,17,Clyde Duncan,WR
1984.0,1,23,Louis Lipps,WR
1984.0,2,13,Eric Richardson,WR
1984.0,2,19,Pete Mandley,WR
1984.0,2,21,Daryl Turner,WR
1984.0,2,22,Bruce Davis,WR
1984.0,4,11,Mitchell Brookins,WR
1984.0,4,20,Brian Brennan,WR
1984.0,4,24,Weegie Thompson,WR
1984.0,5,8,Golden Tate,WR
1984.0,5,10,Tron Armstrong,WR
1984.0,6,6,Rufus Stevens,WR
1984.0,6,14,Dwight Collins,WR
1984.0,6,21,Eric Mullins,WR
1984.0,7,3,Lionel Manuel,WR
1984.0,7,6,Jesse Bendross,WR
1984.0,7,24,Derwin Williams,WR
1984.0,7,27,Mark Smith,WR
1984.0,8,1,Kevin Baugh,WR
1984.0,8,16,Brad Anderson,WR
1984.0,8,28,Sam Seale,WR
1984.0,9,4,Don Jones,WR
1984.0,9,11,Keith Kidd,WR
1984.0,9,22,Rich Hollins,WR
1984.0,10,23,Dave Moritz,WR
1984.0,11,7,Tommy Norman,WR
1984.0,11,16,Craig White,WR
1984.0,11,24,Kirk Pendleton,WR
1984.0,11,28,Lawrence Thompson,WR
1984.0,12,2,Thad Jemison,WR
1984.0,12,5,Lenny Taylor,WR
1984.0,12,7,David Robertson,WR
1984.0,12,10,Don Holmes,WR
1984.0,12,18,Murray Jarman,WR
1984.0,12,23,Paine Harper,WR
1984.0,12,26,Carl Lewis,WR
1984.0,12,27,Curtland Thomas,WR
1983.0,1,18,Willie Gault,WR
1983.0,2,4,Henry Ellard,WR
1983.0,2,13,Ron Brown,WR
1983.0,2,19,Darryal Wilson,WR
1983.0,2,24,Wayne Capers,WR
1983.0,3,4,Clinton Sampson,WR
1983.0,3,6,Glen Young,WR
1983.0,3,18,Stephen Starring,WR
1983.0,3,22,JoJo Townsell,WR
1983.0,4,1,Phil Smith,WR
1983.0,4,20,Mike Miller,WR
1983.0,5,11,Chris Castor,WR
1983.0,5,18,Steve Bird,WR
1983.0,5,21,Paul Skansi,WR
1983.0,5,22,Otis Grant,WR
1983.0,5,26,Dokie Williams,WR
1983.0,5,28,Gregg Garrity,WR
1983.0,6,1,Trumaine Johnson,WR
1983.0,6,7,Victor Oatis,WR
1983.0,6,8,Rheugene Branton,WR
1983.0,6,14,Todd Brown,WR
1983.0,6,16,Anthony Allen,WR
1983.0,6,19,Mike Jones,WR
1983.0,7,2,Herkie Walls,WR
1983.0,7,3,Jeff Simmons,WR
1983.0,7,8,Rocky Belk,WR
1983.0,8,25,Mike Martin,WR
1983.0,8,27,Mark Clayton,WR
1983.0,9,15,Rod Achter,WR
1983.0,9,23,Bobby Humphrey,WR
1983.0,10,2,Byron Williams,WR
1983.0,10,19,Darius Durham,WR
1983.0,10,26,Mervyn Fernandez,WR
1983.0,11,13,Steve Parker,WR
1983.0,11,17,Aaron Williams,WR
1983.0,11,22,Mike Harmon,WR
1983.0,11,24,Tim Kearse,WR
1983.0,11,25,Gary Williams,WR
1983.0,12,1,Carl Williams,WR
1983.0,12,6,Oliver Williams,WR
1983.0,12,11,Frank Magwood,WR
1983.0,12,13,Julius Dawkins,WR
1983.0,12,27,Anthony Carter,WR
1982.0,1,11,Anthony Hancock,WR
1982.0,1,13,Lindsay Scott,WR
1982.0,1,19,Perry Tuttle,WR
1982.0,1,20,Mike Quick,WR
1982.0,2,23,Orlando McDaniel,WR
1982.0,2,25,Mark Duper,WR
1982.0,3,1,Cedric Jones,WR
1982.0,3,6,Carl Powell,WR
1982.0,3,8,Stacey Bailey,WR
1982.0,3,11,Eugene Goodlow,WR
1982.0,3,13,Kenny Duckett,WR
1982.0,4,4,Dwight Walker,WR
1982.0,4,11,Steve Bryant,WR
1982.0,4,23,Dan Plater,WR
1982.0,6,19,Andre Tyler,WR
1982.0,6,20,Curt Grieve,WR
1982.0,6,23,Mike Whitwell,WR
1982.0,6,24,Lonell Phea,WR
1982.0,7,20,Victor Simmons,WR
1982.0,8,6,Chester Cooper,WR
1982.0,9,1,Kelvin Murdock,WR
1982.0,9,21,Tony Woodriff,WR
1982.0,9,27,James Bennett,WR
1982.0,10,9,Gerald Lucear,WR
1982.0,10,17,Larry Brodsky,WR
1982.0,11,6,Ricky Coffman,WR
1982.0,11,9,Jeff Keller,WR
1982.0,11,10,Willie Turner,WR
1982.0,11,13,Edward Lee,WR
1982.0,11,16,George Thompson,WR
1982.0,11,18,Bob Carter,WR
1982.0,11,22,Ron Ingram,WR
1982.0,11,23,Perry Parmelee,WR
1982.0,12,2,Greg Taylor,WR
1982.0,12,10,Randy Smith,WR
1982.0,12,15,Phillip Epps,WR
1982.0,12,25,Mike Rodrigue,WR
1982.0,11,0,Chy Davidson,WR
1981.0,1,10,David Verser,WR
1981.0,1,16,Mark Nichols,WR
1981.0,2,9,Cris Collinsworth,WR
1981.0,2,11,Mardye McDole,WR
1981.0,2,22,Byron Franklin,WR
1981.0,2,25,Doug Donley,WR
1981.0,3,3,John Mistler,WR
1981.0,3,11,Ken Margerum,WR
1981.0,3,20,Mike Mosley,WR
1981.0,3,23,Michael Holston,WR
1981.0,4,1,Sam Greene,WR
1981.0,4,4,Scott Phillips,WR
1981.0,4,5,Steve Rhodes,WR
1981.0,4,14,Ron Washington,WR
1981.0,4,16,Tracy Porter,WR
1981.0,4,17,Robbie Martin,WR
1981.0,5,16,Ricky Martin,WR
1981.0,6,7,Mel Hoover,WR
1981.0,6,23,Robert Holt,WR
1981.0,6,24,Bobby Duckworth,WR
1981.0,7,1,Kevin Williams,WR
1981.0,7,4,Ron Johnson,WR
1981.0,7,19,Ken Toler,WR
1981.0,8,2,Lloyd Jones,WR
1981.0,8,5,Mike Fisher,WR
1981.0,8,8,Charlie Brown,WR
1981.0,8,13,David Dorn,WR
1981.0,8,24,Willie Tullis,WR
1981.0,9,14,John Noonan,WR
1981.0,9,15,Jim Whatley,WR
1981.0,9,25,Mike Wilson,WR
1981.0,10,5,James Mallard,WR
1981.0,10,15,Jim Joiner,WR
1981.0,10,18,James Murphy,WR
1981.0,11,1,Lester Mickens,WR
1981.0,11,8,Jerry Hill,WR
1981.0,11,12,Holden Smith,WR
1981.0,11,14,Pat Walker,WR
1981.0,11,25,Keith Cahppelle,WR
1981.0,12,23,Stacy Charles,WR
1981.0,12,25,Nate Lundy,WR
1981.0,9,0,Billy Mullins,WR
1980.0,1,2,Lam Jones,WR
1980.0,1,18,Art Monk,WR
1980.0,2,19,Ralph Clayton,WR
1980.0,2,21,Kevin House,WR
1980.0,3,6,Mike Friede,WR
1980.0,3,23,Tim Smith,WR
1980.0,4,4,Fred Nixon,WR
1980.0,4,5,Ray Butler,WR
1980.0,4,7,Danny Pittman,WR
1980.0,4,17,Elmer Bailey,WR
1980.0,5,4,Carlos Carson,WR
1980.0,5,25,Nate Rivers,WR
1980.0,6,9,Bubba Garcia,WR
1980.0,6,20,Eugene Byrd,WR
1980.0,6,22,Preston Brown,WR
1980.0,7,7,Mike Smith,WR
1980.0,7,8,Malcolm Barnwell,WR
1980.0,7,18,Emanuel Tolbert,WR
1980.0,7,28,Nate Johnson,WR
1980.0,8,4,Don Coleman,WR
1980.0,9,1,DeWayne Jett,WR
1980.0,9,9,Tom Donovan,WR
1980.0,9,19,Gerald Carter,WR
1980.0,9,20,Lawrence McCullough,WR
1980.0,9,25,Jackie Flowers,WR
1980.0,9,27,George Farmer,WR
1980.0,9,28,Ron McCall,WR
1980.0,10,9,Kenny Brown,WR
1980.0,10,21,Virgina Seay,WR
1980.0,10,25,Billy Rivers,WR
1980.0,11,4,Alton Alexis,WR
1980.0,11,20,Phil Farris,WR
1980.0,11,21,Lee Jukes,WR
1980.0,11,24,Eddie Preston,WR
1980.0,11,27,Terry Greer,WR
1980.0,12,2,Ray Williams,WR
1980.0,12,4,Tyrone Gray,WR
1980.0,12,17,Calvin Muhammad,WR
1980.0,12,23,Wiley Pitts,WR
1980.0,12,26,Harry Price,WR
1979.0,1,5,Jerry Butler,WR
1979.0,1,20,Willis Adams,WR
1979.0,2,1,James Owens,WR
1979.0,2,6,Gordon Jones,WR
1979.0,2,8,Ernest Gray,WR
1979.0,2,11,Rickey Watts,WR
1979.0,3,2,Jeff Moore,WR
1979.0,4,7,Roy Green,WR
1979.0,4,22,John Floyd,WR
1979.0,4,28,Calvin Sweeney,WR
1979.0,5,16,Scott Fitzkee,WR
1979.0,5,20,Mark Bell,WR
1979.0,6,2,Steve Kreider,WR
1979.0,6,3,Robert Gaines,WR
1979.0,6,5,Ira Matthews,WR
1979.0,6,27,Chris DeFrance,WR
1979.0,7,8,Kirk Gibson,WR
1979.0,8,1,Ron Cassidy,WR
1979.0,8,14,Jeff Groth,WR
1979.0,9,5,Henry Vereen,WR
1979.0,9,13,Kris Haines,WR
1979.0,9,16,Billy Diggs,WR
1979.0,9,17,Alvin Garrett,WR
1979.0,9,22,Charlie Taylor,WR
1979.0,9,23,Richard Ellender,WR
1979.0,10,1,Dwight Clark,WR
1979.0,10,13,John Smith,WR
1979.0,10,16,Frank Lockett,WR
1979.0,10,20,Larry Willis,WR
1979.0,10,22,Martin Cox,WR
1979.0,11,2,Stan Rome,WR
1979.0,11,10,David Hall,WR
1979.0,11,16,Brian Nelson,WR
1979.0,11,25,Tony Hall,WR
1979.0,12,3,Charlie Green,WR
1979.0,12,11,Paul Darby,WR
1979.0,12,23,Brian Sweeney,WR
1979.0,12,25,Drew Hill,WR
1979.0,12,27,Mike Almond,WR
1979.0,10,0,Johnnie Dirden,WR
1978.0,1,3,Wes Chandler,WR
1978.0,1,6,James Lofton,WR
1978.0,1,14,John Jefferson,WR
1978.0,2,25,Ronnie Smith,WR
1978.0,3,9,Danny Fulton,WR
1978.0,3,21,Carlos Pennywell,WR
1978.0,3,25,Jimmy Cefalo,WR
1978.0,3,27,Don Bass,WR
1978.0,4,7,Terry LeCount,WR
1978.0,4,13,Jim Childs,WR
1978.0,4,14,Mike Renfro,WR
1978.0,4,15,Dennis Law,WR
1978.0,4,24,Joe Stewart,WR
1978.0,5,2,Jerrold McRae,WR
1978.0,5,12,Keith Wright,WR
1978.0,5,15,Dennis Pearson,WR
1978.0,5,24,Robert Woods,WR
1978.0,5,27,Brian DeRoo,WR
1978.0,6,8,Glenn Starks,WR
1978.0,6,14,Rodney Parker,WR
1978.0,6,22,Randy Reutershan,WR
1978.0,6,24,Elijah Marshall,WR
1978.0,6,26,Mike Levenseller,WR
1978.0,6,27,Jesse Thompson,WR
1978.0,7,1,Alfred Jackson,WR
1978.0,7,15,Dave Stief,WR
1978.0,7,18,Bill Kellar,WR
1978.0,7,19,Herman Jones,WR
1978.0,7,24,Lloyd Henry,WR
1978.0,8,3,Derrick Gaffney,WR
1978.0,8,8,Walker Lee,WR
1978.0,8,20,Andre Keys,WR
1978.0,8,28,Homer Butler,WR
1978.0,9,1,Willie Taylor,WR
1978.0,10,8,Rob Stewart,WR
1978.0,10,27,Vince Kinney,WR
1978.0,11,17,Willie Thicklen,WR
1978.0,11,24,Henry Mason,WR
1978.0,12,15,Kevin Bell,WR
1978.0,12,17,Kim Featsent,WR
1978.0,12,26,Joe Conron,WR
1977.0,1,25,Stanley Morgan,WR
1977.0,1,26,Randy Burke,WR
1977.0,2,4,Johnny Perkins,WR
1977.0,2,5,Wesley Walker,WR
1977.0,3,6,Tony Hill,WR
1977.0,3,9,Elmo Boyd,WR
1977.0,3,17,John Kimbrough,WR
1977.0,3,19,Jim Smith,WR
1977.0,4,12,Luther Blue,WR
1977.0,4,14,Warren Anderson,WR
1977.0,4,27,Larry Seivers,WR
1977.0,5,4,Perry Griggs,WR
1977.0,5,8,Shelton Diggs,WR
1977.0,6,14,Emery Moorehead,WR
1977.0,7,6,Ken Randle,WR
1977.0,7,15,Gerald Butler,WR
1977.0,7,21,Rich Martini,WR
1977.0,7,25,Ken Smith,WR
1977.0,8,3,Steve Davis,WR
1977.0,8,8,Walter Packer,WR
1977.0,8,10,Eddie Foster,WR
1977.0,8,20,Waddell Smith,WR
1977.0,8,22,Phil August,WR
1977.0,9,12,Gene Washington,WR
1977.0,9,22,Willie Zachary,WR
1977.0,9,28,Larry Mucker,WR
1977.0,10,4,Mike Jones,WR
1977.0,10,6,Billy Ryckman,WR
1977.0,10,8,John Mastronardo,WR
1977.0,10,17,Oma Middlebrook,WR
1977.0,10,19,Jim LeJay,WR
1977.0,11,9,Maurice Mitchell,WR
1977.0,11,17,Charles Nash,WR
1977.0,11,27,Keith Hartwig,WR
1977.0,12,1,Chip Sheffield,WR
1977.0,12,14,Terry Anderson,WR
1977.0,12,19,Alex Percival,WR
1976.0,1,11,Billy Brooks,WR
1976.0,2,26,Sammy White,WR
1976.0,2,31,Steve Raible,WR
1976.0,3,4,Larry Dorsey,WR
1976.0,3,5,Dave Logan,WR
1976.0,3,6,Brian Baschnagel,WR
1976.0,3,13,Duke Ferguson,WR
1976.0,3,19,Henry Marshall,WR
1976.0,3,20,Duriel Harris,WR
1976.0,3,27,Butch Johnson,WR
1976.0,3,28,Ernest Pough,WR
1976.0,4,2,Gerald Taylor,WR
1976.0,4,4,Tinker Owens,WR
1976.0,4,8,Steve Rivera,WR
1976.0,4,22,Pat Tilley,WR
1976.0,4,23,Artie Owens,WR
1976.0,4,25,Steve Largent,WR
1976.0,4,26,Leonard Willis,WR
1976.0,4,28,Theo Bell,WR
1976.0,4,29,Richard Appleby,WR
1976.0,5,31,Dwight Sacles,WR
1976.0,6,15,Scott Piper,WR
1976.0,7,11,Karl Farmer,WR
1976.0,7,22,Clarence Chapman,WR
1976.0,8,1,Larry Shipp,WR
1976.0,8,19,Ricky Thompson,WR
1976.0,8,24,Randall Burks,WR
1976.0,8,25,Bryan Fryer,WR
1976.0,9,7,Ronnie Moore,WR
1976.0,9,13,Ken Harrison,WR
1976.0,9,22,Lonnie Allgood,WR
1976.0,9,25,Isaac Hagins,WR
1976.0,10,5,Ricky Feacher,WR
1976.0,10,9,Jessie Green,WR
1976.0,10,23,Freeman Johns,WR
1976.0,11,8,Norman Andersen,WR
1976.0,11,10,Curtis Leak,WR
1976.0,11,12,Craig Brantley,WR
1976.0,11,18,Forry Smith,WR
1976.0,12,1,Ron Barnett,WR
1976.0,12,7,Don Buckey,WR
1976.0,12,12,Harold Porter,WR
1976.0,12,22,Joe Dale Harris,WR
1976.0,12,28,Bill Carroll,WR
1976.0,13,13,Rick Caswell,WR
1976.0,13,16,Mel Jacobs,WR
1976.0,13,21,Dan O'Rourke,WR
1976.0,14,2,Carl Roaches,WR
1976.0,14,7,David Quehl,WR
1976.0,14,16,Leonard Elston,WR
1976.0,14,17,Tony Williams,WR
1976.0,15,6,Bernard Coleman,WR
1976.0,15,16,Trent Smock,WR
1976.0,15,26,Malcolm Campbell,WR
1976.0,16,22,Cecil Beaird,WR
1976.0,16,25,Rick Gage,WR
1976.0,17,6,Tom Fleming,WR
1976.0,17,20,Allen Misher,WR
1976.0,17,28,Kelvin Kirk,WR
1975.0,1,7,Larry Burton,WR
1975.0,2,10,Fred Solomon,WR
1975.0,2,14,Emmett Edwards,WR
1975.0,3,10,Danny Buggs,WR
1975.0,4,13,Steve Burks,WR
1975.0,4,17,Rich Upchurch,WR
1975.0,4,25,Bruce Adams,WR
1975.0,5,2,Morris Owens,WR
1975.0,5,16,Pat McInally,WR
1975.0,6,1,Don Westbrook,WR
1975.0,6,4,John Carroll,WR
1975.0,6,10,Darius McCarthy,WR
1975.0,6,14,Dennis Franklin,WR
1975.0,7,9,Tony Giaquinto,WR
1975.0,7,13,Mike Murphy,WR
1975.0,7,16,Lawrence Williams,WR
1975.0,8,11,James Scott,WR
1975.0,9,2,Mike Mahoney,WR
1975.0,9,19,Lofell Williams,WR
1975.0,10,3,Marshall Mills,WR
1975.0,10,17,Steve Haggerty,WR
1975.0,10,26,Archie Gray,WR
1975.0,11,1,Dave Hazel,WR
1975.0,11,24,Ike McBee,WR
1975.0,12,8,Ron Gustafson,WR
1975.0,12,16,Willie Miller,WR
1975.0,12,21,Chandler Williams,WR
1975.0,12,22,Ben Jones,WR
1975.0,13,5,Willie Armstead,WR
1975.0,13,8,Pete Demmerle,WR
1975.0,13,15,Ricky Scales,WR
1975.0,13,22,Leonard Isabell,WR
1975.0,13,24,Mike Hurd,WR
1975.0,13,25,Robert Gaddis,WR
1975.0,14,9,David Henson,WR
1975.0,14,15,Tom Gossom,WR
1975.0,14,19,Robert Evans,WR
1975.0,14,20,Ritch Bahe,WR
1975.0,14,22,Arthur Allen,WR
1975.0,15,3,Jim Robinson,WR
1975.0,15,4,Steve Marcantonio,WR
1975.0,15,7,James Thatcher,WR
1975.0,15,9,Randy Allen,WR
1975.0,16,4,J.K. McKay,WR
1975.0,16,5,Witt Beckman,WR
1975.0,16,11,John Tuttle,WR
1975.0,16,14,Calvin Jones,WR
1975.0,16,21,Mark Miller,WR
1975.0,17,24,Frank Russell,WR
1974.0,1,21,Lynn Swann,WR
1974.0,1,24,Roger Carr,WR
1974.0,2,3,John Holland,WR
1974.0,2,18,Gerald Tinker,WR
1974.0,3,2,Wayne Wheeler,WR
1974.0,3,26,Nat Moore,WR
1974.0,4,3,Harrison Davis,WR
1974.0,4,4,John Stallworth,WR
1974.0,4,5,Clint Haslerig,WR
1974.0,4,13,Ike Harris,WR
1974.0,4,15,Morris Bradshaw,WR
1974.0,4,25,Richard Williams,WR
1974.0,5,2,Gary Hayman,WR
1974.0,5,3,Don Clune,WR
1974.0,5,9,Joel Parker,WR
1974.0,5,12,Steve Odom,WR
1974.0,6,12,Ken Payne,WR
1974.0,6,15,John Winesberry,WR
1974.0,7,4,Jack Ettinger,WR
1974.0,7,7,Bob Herrick,WR
1974.0,7,8,Carl Swierc,WR
1974.0,7,18,Fred Scott,WR
1974.0,8,20,John McDaniels,WR
1974.0,8,26,Melvin Baker,WR
1974.0,9,5,Don Hutt,WR
1974.0,9,11,Mark Sheridan,WR
1974.0,9,24,Sam McCullum,WR
1974.0,10,1,Frosty Anderson,WR
1974.0,10,2,Ray Rhodes,WR
1974.0,10,4,Mike Puestow,WR
1974.0,11,7,William Buckley,WR
1974.0,11,10,Kent Merritt,WR
1974.0,11,17,Eddie Wilson,WR
1974.0,11,20,Harvey McGee,WR
1974.0,12,7,Roger Wallace,WR
1974.0,12,13,Mark Wakefield,WR
1974.0,12,14,Carl Brown,WR
1974.0,14,6,Ed Collins,WR
1974.0,14,24,Ananias Carson,WR
1974.0,15,1,Billy Johnson,WR
1974.0,15,3,Larry Jones,WR
1974.0,15,17,Willie Jones,WR
1974.0,16,19,Delario Robinson,WR
1974.0,17,5,Tim Berra,WR
1974.0,17,10,Marvin Williams,WR
1974.0,17,12,Randy Woodfield,WR
1974.0,17,24,Willie Townsend,WR
1973.0,1,15,Isaac Curtis,WR
1973.0,1,16,Steve Holden,WR
1973.0,1,19,Darryl Stingley,WR
1973.0,1,21,Barry Smith,WR
1973.0,1,25,Johnny Rodgers,WR
1973.0,2,20,Golden Richards,WR
1973.0,3,13,Jim Lash,WR
1973.0,3,16,Tim George,WR
1973.0,4,7,Ollie Smith,WR
1973.0,4,16,Tom Geredine,WR
1973.0,4,23,Joe Wylie,WR
1973.0,4,26,Dave (Bo) Rather,WR
1973.0,5,1,Edesel Garrison,WR
1973.0,5,6,Wallace Francis,WR
1973.0,5,18,Ed Beverly,WR
1973.0,5,19,Willie McGee,WR
1973.0,5,20,Louis Neal,WR
1973.0,6,2,Bob Picard,WR
1973.0,6,11,Jason Caldwell,WR
1973.0,6,24,Glen Skolnik,WR
1973.0,7,13,Mike Haggard,WR
1973.0,7,22,Willie Hatter,WR
1973.0,8,25,Doug Winslow,WR
1973.0,9,7,Mike Reppond,WR
1973.0,10,7,William Barry,WR
1973.0,10,10,Al Marshall,WR
1973.0,11,12,David Knight,WR
1973.0,11,19,Scott Freeman,WR
1973.0,11,25,Willie Jackson,WR
1973.0,12,1,Brad Lyman,WR
1973.0,12,13,Allen Spencer,WR
1973.0,12,18,Tom Scott,WR
1973.0,13,3,Stan Davis,WR
1973.0,13,11,Rod Milburn,WR
1973.0,13,20,John Smith,WR
1973.0,13,24,Rick Fergerson,WR
1973.0,14,7,Dave Juenger,WR
1973.0,14,16,Albert White,WR
1973.0,15,18,Mike Bettiga,WR
1973.0,15,20,Dave Sullivan,WR
1973.0,15,22,Reggie Echols,WR
1973.0,16,1,Tim Dameron,WR
1973.0,16,18,Larry Nickels,WR
1973.0,16,23,Jerry Gadlin,WR
1973.0,17,12,Jim Hedge,WR
1973.0,17,26,Charles Wade,WR
1972.0,1,4,Ahmad Rashad (Bobby Moore),WR
1972.0,1,9,Jerome Barkum,WR
1972.0,1,19,Terry Beasley,WR
1972.0,1,21,Mike Siani,WR
1972.0,2,21,Glenn Doughty,WR
1972.0,2,23,Tom Reynolds,WR
1972.0,2,26,Charles McKee,WR
1972.0,3,14,Gary Hammond,WR
1972.0,3,19,Allen Dunbar,WR
1972.0,4,12,Robert West,WR
1972.0,4,19,Andy Hamilton,WR
1972.0,4,20,Cliff Branch,WR
1972.0,4,26,Eric Allen,WR
1972.0,5,3,Tom Gatewood,WR
1972.0,5,14,Jim Krieg,WR
1972.0,6,16,Fred Riley,WR
1972.0,7,16,Charles Stoudmire,WR
1972.0,8,1,Paul Gibson,WR
1972.0,8,3,Dan Kratzer,WR
1972.0,8,6,Bob Wicks,WR
1972.0,8,7,Ron Vinson,WR
1972.0,8,8,Leland Glass,WR
1972.0,8,10,Ralph Wirtz,WR
1972.0,8,17,Tom Graham,WR
1972.0,8,24,Calvin Demery,WR
1972.0,9,22,Billy LeFear,WR
1972.0,10,6,Rhett Dawson,WR
1972.0,10,21,Mike Oldham,WR
1972.0,11,3,Larry Brunson,WR
1972.0,11,6,David Bailey,WR
1972.0,11,15,Jack Phillips,WR
1972.0,11,25,Ed Jenkins,WR
1972.0,12,1,Jeff Baker,WR
1972.0,12,14,Don Zimmerman,WR
1972.0,12,15,Paul Bradley,WR
1972.0,12,26,Jimmy Harris,WR
1972.0,13,8,Cephus Weatherspoon,WR
1972.0,13,20,Frank Grant,WR
1972.0,13,21,Ted Covington,WR
1972.0,13,22,Herb Washington,WR
1972.0,14,3,Steve Porter,WR
1972.0,14,7,Steve Barrios,WR
1972.0,14,9,Bob Brown,WR
1972.0,14,12,Ed Rideout,WR
1972.0,15,7,Rick Thone,WR
1972.0,15,26,Carlos Alvarez,WR
1972.0,16,3,John Wiegman,WR
1972.0,16,13,Nate Hawkins,WR
1972.0,16,17,Jim Kirby,WR
1972.0,16,19,Richard Wakefield,WR
1972.0,16,25,Al Hannah,WR
1972.0,17,8,Dick Graham,WR
1972.0,17,24,Dick Schmalz,WR
1971.0,1,4,J.D. Hill,WR
1971.0,1,8,Frank Lewis,WR
1971.0,1,16,Elmo Wright,WR
1971.0,1,18,Rocky Thompson,WR
1971.0,2,7,Ken Burrow,WR
1971.0,2,9,Dwight Harrison,WR
1971.0,2,12,Cotton Speyrer,WR
1971.0,2,21,Otto Stowe,WR
1971.0,3,3,Sam Dickerson,WR
1971.0,3,9,James Livesay,WR
1971.0,3,14,Paul Staroba,WR
1971.0,3,24,Eddie Hackett,WR
1971.0,5,7,Ray Jarvis,WR
1971.0,5,14,Stan Brown,WR
1971.0,6,17,Mel Gray,WR
1971.0,6,22,Herman Franklin,WR
1971.0,6,23,Al Bresler,WR
1971.0,6,25,Steve Maier,WR
1971.0,7,4,Bob Chandler,WR
1971.0,7,5,Harold Carmichael,WR
1971.0,7,7,Wesley Chesson,WR
1971.0,7,12,Dave Davis,WR
1971.0,7,13,Chuck Dicus,WR
1971.0,7,16,Bob Newland,WR
1971.0,7,19,James Johnson,WR
1971.0,7,26,Gordon Bowdell,WR
1971.0,8,24,Ron Jessie,WR
1971.0,9,7,Alvin Griffin,WR
1971.0,9,12,Lester McClain,WR
1971.0,9,17,Mike Savoy,WR
1971.0,9,20,Joe Schmidt,WR
1971.0,9,25,Honor Jackson,WR
1971.0,10,9,Carlis Harris,WR
1971.0,10,16,Bruce Jankowski,WR
1971.0,10,23,Ernie Jennings,WR
1971.0,11,5,Macon Hughes,WR
1971.0,11,6,Vernon Studdard,WR
1971.0,11,15,Edward Marshall,WR
1971.0,12,7,Ronnie Lowe,WR
1971.0,12,9,Floyd Franks,WR
1971.0,12,13,Wesley Garnett,WR
1971.0,12,22,Bill Pilconis,WR
1971.0,12,26,Bill Triplett,WR
1971.0,13,8,Alfred Young,WR
1971.0,13,13,Sammy Milner,WR
1971.0,14,1,Alfred Sykes,WR
1971.0,15,21,Ed Coates,WR
1971.0,16,14,Dave Smith,WR
1971.0,16,20,Chris Myers,WR
1971.0,16,23,Greg Edmonds,WR
1971.0,17,2,Randy Vataha,WR
1971.0,17,12,Hermann Eben,WR
1971.0,17,17,Preston Watkins,WR
1971.0,17,18,Coleman Zeno,WR
1971.0,17,19,Joe Sweet,WR
1971.0,17,26,Charles Hill,WR
1970.0,1,10,Ken Burrough,WR
1970.0,1,15,Walker Gillette,WR
1970.0,2,2,Ron Shanklin,WR
1970.0,2,9,Charles Williams,WR
1970.0,2,20,Richard Caster,WR
1970.0,2,23,Margene Adkins,WR
1970.0,3,2,George Farmer,WR
1970.0,3,13,Todd Snyder,WR
1970.0,4,9,Vic Washington,WR
1970.0,4,11,Jerry Hendren,WR
1970.0,4,15,Ken Ellis,WR
1970.0,6,12,Duane Miller,WR
1970.0,6,16,Billy Parks,WR
1970.0,6,17,Jade Butcher,WR
1970.0,7,13,Gary Orcutt,WR
1970.0,7,17,Roland Merritt,WR
1970.0,7,26,Clyde Glosson,WR
1970.0,8,2,Dave Smith,WR
1970.0,9,2,Linzy Cole,WR
1970.0,9,9,Preston Riley,WR
1970.0,9,20,Ed Bell,WR
1970.0,11,9,Danny Crockett,WR
1970.0,11,21,Gene Benner,WR
1970.0,12,6,Charles Collins,WR
1970.0,12,15,Frank Foreman,WR
1970.0,12,18,Don Burrell,WR
1970.0,13,7,Paul Dunn,WR
1970.0,13,22,Melvin Jones,WR
1970.0,14,1,Jim Morgan,WR
1970.0,14,6,Joe Johnson,WR
1970.0,14,7,Ray Groth,WR
1970.0,14,13,Chuck Wald,WR
1970.0,14,19,Charlie Brown,WR
1970.0,14,23,Julian Martin,WR
1970.0,14,25,Tom Spinks,WR
1970.0,15,3,Pat Hauser,WR
1970.0,15,4,Kent Schoolfield,WR
1970.0,15,6,Ron Wilson,WR
1970.0,15,7,John Carlos,WR
1970.0,15,9,Dave Delsignore,WR
1970.0,15,16,Mike Carter,WR
1970.0,15,24,Fred Moore,WR
1970.0,16,4,Larry Davis,WR
1970.0,16,13,Steve Parnell,WR
1970.0,16,14,Chris Myers,WR
1970.0,16,17,Steve Bushore,WR
1970.0,16,25,Bruce Cerone,WR
1970.0,17,4,Joe Killingsworth,WR
1970.0,17,18,Alvin Pearman,WR
1970.0,17,24,Eric Stolberg,WR
1969.0,1,6,Ron Sellers,WR
1969.0,1,10,Jim Seymour,WR
1969.0,1,16,Gene Washington,WR
1969.0,1,25,Eddie Hinton,WR
1969.0,2,14,Jerry Levias,WR
1969.0,2,17,Volly Murphy,WR
1969.0,2,23,Richmond Flowers,WR
1969.0,3,5,Louis Thomas,WR
1969.0,3,7,Larry Walton,WR
1969.0,3,12,John Spilis,WR
1969.0,4,14,Rich Houston,WR
1969.0,4,15,Charlie Joiner,WR
1969.0,5,8,Mike O'Shea,WR
1969.0,5,18,Harry Orszulak,WR
1969.0,5,19,Gene Huey,WR
1969.0,5,20,Fair Hooker,WR
1969.0,6,13,Willie Grate,WR
1969.0,6,17,Terry Swarn,WR
1969.0,6,22,Rick Shaw,WR
1969.0,7,13,Ron Copeland,WR
1969.0,7,23,Tom Nettles,WR
1969.0,7,24,Larry Bales,WR
1969.0,8,3,Jim Callahan,WR
1969.0,8,4,Joe Cooper,WR
1969.0,8,7,Jim Lawrence,WR
1969.0,8,17,Harris Wood,WR
1969.0,8,18,Craig Cotton,WR
1969.0,9,3,Kent Lawrence,WR
1969.0,9,26,Drew Buie,WR
1969.0,10,1,Ron Baines,WR
1969.0,10,19,Tom McCauley,WR
1969.0,11,6,Barry Gallup,WR
1969.0,11,7,Tom Morel,WR
1969.0,11,20,Dave Jones,WR
1969.0,11,21,Dave Svendsen,WR
1969.0,13,5,Chuck Benson,WR
1969.0,13,4,John Sias,WR
1969.0,13,19,Rene Matison,WR
1969.0,14,1,Bubba Thornton,WR
1969.0,14,8,George Hoey,WR
1969.0,14,16,Tom Black,WR
1969.0,14,24,Harold Busby,WR
1969.0,15,3,Leon Angevine,WR
1969.0,15,4,Ken Liberto,WR
1969.0,15,7,Bill Waller,WR
1969.0,15,11,Chick McGeehan,WR
1969.0,15,15,Don Herrmann,WR
1969.0,16,4,Dock Mosley,WR
1969.0,16,12,Dick Hewins,WR
1969.0,16,18,Willie Davenport,WR
1969.0,16,20,James Lowe,WR
1969.0,17,15,Bob Long,WR
1969.0,17,25,Joe Cowan,WR
1968.0,1,9,Haven Moses,WR
1968.0,1,20,Dennis Homan,WR
1968.0,1,24,Earl McCullouch,WR
1968.0,2,13,Freddie Hyatt,WR
1968.0,2,18,Dave McDaniels,WR
1968.0,2,19,Bob Wallace,WR
1968.0,2,22,Mac Haik,WR
1968.0,2,26,John Wright,WR
1968.0,2,27,Jim Cox,WR
1968.0,3,4,Dave Szymakowski,WR
1968.0,3,5,Aaron March,WR
1968.0,3,23,Rich O'Hara,WR
1968.0,3,24,Ken Hebert,WR
1968.0,4,15,Johnny Fuller,WR
1968.0,4,17,Ken Dyer,WR
1968.0,4,22,Jim Beirne,WR
1968.0,4,25,John Robinson,WR
1968.0,5,9,Phil Odle,WR
1968.0,5,16,Cecil Turner,WR
1968.0,5,22,Bob Longo,WR
1968.0,6,3,Leo Johnson,WR
1968.0,6,6,Bob Goodridge,WR
1968.0,6,8,Jimmy Hines,WR
1968.0,6,20,Elmo Malple,WR
1968.0,6,24,Rick Eber,WR
1968.0,7,2,Oscar Reed,WR
1968.0,7,10,Eugene Howard,WR
1968.0,7,12,Ken Henry,WR
1968.0,7,18,Lane Fenner,WR
1968.0,8,13,Jerry Daanen,WR
1968.0,8,15,Tom Gray,WR
1968.0,8,23,Joe Williams,WR
1968.0,9,14,Case Boyett,WR
1968.0,9,15,Joe Koontz,WR
1968.0,10,13,Tom Busch,WR
1968.0,10,19,Jack Gehrke,WR
1968.0,10,20,Ben Olison,WR
1968.0,10,21,Alvin Mitchell,WR
1968.0,10,23,Allen Marcelin,WR
1968.0,11,6,Bill Haas,WR
1968.0,11,17,Henry Owens,WR
1968.0,11,22,Bill Halley,WR
1968.0,12,23,Harold Jackson,WR
1968.0,12,26,Larry Plantz,WR
1968.0,13,6,Rich Wherry,WR
1968.0,13,16,Willie Dearion,WR
1968.0,13,19,Jim Kavanagh,WR
1968.0,13,20,Carter Lord,WR
1968.0,13,26,Frank Geiselman,WR
1968.0,14,10,Richie Davis,WR
1968.0,14,26,John Farler,WR
1968.0,14,27,Steve Lewicke,WR
1968.0,15,2,Don Bean,WR
1968.0,15,14,Clarence Spencer,WR
1968.0,15,19,Bob Baxter,WR
1968.0,15,27,Joe Mira,WR
1968.0,16,24,Walt Blackledge,WR
1968.0,17,12,Bob Lee,WR
1968.0,17,25,Steve Berry,WR
1967.0,1,8,Gene Washington,WR
1967.0,1,16,Dave Williams,WR
1967.0,1,22,John Pitts,WR
1967.0,2,15,Dave Dunaway,WR
1967.0,2,26,John Gilliam,WR
1967.0,3,8,Earl Denny,WR
1967.0,3,19,Eppie Barney,WR
1967.0,4,16,James Roy Jackson,WR
1967.0,4,19,Chuck Hughes,WR
1967.0,5,8,Ken Last,WR
1967.0,6,6,Neal Sweeney,WR
1967.0,6,14,Nate Johns,WR
1967.0,6,24,Sims Stokes,WR
1967.0,7,5,Ed Carrington,WR
1967.0,7,10,John Truitt,WR
1967.0,7,13,John Love,WR
1967.0,7,20,Bob Rein,WR
1967.0,8,6,Tom Cassese,WR
1967.0,8,10,Roger Murphy,WR
1967.0,8,12,John Beasley,WR
1967.0,8,14,John Mills,WR
1967.0,8,16,Sharon Washington,WR
1967.0,9,4,Bob Moton,WR
1967.0,9,14,Steve Newell,WR
1967.0,9,22,Gerald Seither,WR
1967.0,10,1,Charlie Brown,WR
1967.0,10,2,Dick Stebbins,WR
1967.0,10,11,Phil Myers,WR
1967.0,10,26,Roosevelt Robertson,WR
1967.0,11,9,Jim Whitcomb,WR
1967.0,11,20,Leroy Mitchell,WR
1967.0,11,22,Pat Riley,WR
1967.0,12,9,Bruce Green,WR
1967.0,12,10,Ron Sepic,WR
1967.0,12,15,Steve Dundee,WR
1967.0,12,23,Kent Lashley,WR
1967.0,12,25,John Robinson,WR
1967.0,13,12,Jack Emmer,WR
1967.0,13,15,John Erisman,WR
1967.0,13,17,Len Kleinpeter,WR
1967.0,13,25,Keith Brown,WR
1967.0,14,13,Dalton Leblanc,WR
1967.0,14,22,Casey Boyett,WR
1967.0,15,12,Clarence Spencer,WR
1967.0,15,13,Jack Schweberger,WR
1967.0,15,14,Craig Scoggins,WR
1967.0,16,1,Marcus Rhoden,WR
1967.0,16,5,Rex Keeling,WR
1967.0,16,18,Don Williams,WR
1967.0,16,20,Don Alley,WR
1967.0,17,4,Larry Lee,WR
1967.0,17,24,David Laffin,WR
1967.0,17,26,Jimmy Walker,WR
1966.0,3,4,Ben Hawkins,WR
1966.0,3,7,Bill Malinchak,WR
1966.0,3,15,Rick Kestner,WR
1966.0,3,16,Phil Sheridan,WR
1966.0,4,6,Rod Sherman,WR
1966.0,4,11,Willie Walker,WR
1966.0,4,14,John Roderick,WR
1966.0,5,7,Steve Smith,WR
1966.0,5,9,Jack Clancy,WR
1966.0,5,14,Dan Fulford,WR
1966.0,6,1,Charley Casey,WR
1966.0,6,6,Bob Dunlevy,WR
1966.0,7,5,Arthur Robinson,WR
1966.0,7,8,Johnnie Robinson,WR
1966.0,7,14,Leroy Carter,WR
1966.0,7,15,Ray Perkins,WR
1966.0,8,8,Bill Matan,WR
1966.0,8,9,Dick Witcher,WR
1966.0,8,13,Tom Talaga,WR
1966.0,8,14,Ken McLean,WR
1966.0,9,5,Darrell Elam,WR
1966.0,9,7,Freeman White,WR
1966.0,9,8,Kent Kramer,WR
1966.0,9,9,Ron Green,WR
1966.0,9,10,Charlie Bryant,WR
1966.0,9,12,Fritz Greenlee,WR
1966.0,10,13,Monty Ledbetter,WR
1966.0,11,5,Austin Denny,WR
1966.0,11,6,Dick Reding,WR
1966.0,11,10,Cliff Wilder,WR
1966.0,11,12,Terry Owens,WR
1966.0,11,15,Eric Crabtree,WR
1966.0,13,15,Bob Hadrick,WR
1966.0,14,9,Howard Twilley,WR
1966.0,14,14,Ron Hanson,WR
1966.0,15,1,Tom Tolleson,WR
1966.0,15,2,Mike Sullivan,WR
1966.0,15,7,Saint Saffold,WR
1966.0,15,9,Darryl Alleman,WR
1966.0,16,2,Joe O'Brien,WR
1966.0,16,3,Jim Long,WR
1966.0,16,9,Jerry Gendron,WR
1966.0,17,6,Mitch Zalnasky,WR
1966.0,18,7,Bill Johnson,WR
1966.0,18,9,Ron Parson,WR
1966.0,19,2,Homer Williams,WR
1966.0,19,6,Andre White,WR
1966.0,19,7,Bobby Crockett,WR
1966.0,19,13,Dave Moton,WR
1966.0,20,6,Lou Hudson,WR
1966.0,20,7,Willie Walker,WR
1966.0,20,12,Goldie Sellers,WR
1966.0,20,14,Ed Maras,WR
1965.0,1,8,Jack Snow,WR
1965.0,2,0,Fred Biletnikoff,WR
1965.0,2,4,Roy Jefferson,WR
1965.0,2,9,Lance Rentzel,WR
1965.0,3,11,Fred Biletnikoff,WR
1965.0,4,2,Larry Todd,WR
1965.0,4,6,Fred Hill,WR
1965.0,4,14,Dave Johnson,WR
1965.0,5,14,John McGuire,WR
1965.0,6,7,Gary Garrison,WR
1965.0,6,13,Corwyn Aldredge,WR
1965.0,11,14,Lamar Richardson,WR
1965.0,13,3,J.R. Wilburn,WR
1965.0,14,3,Dave Pivec,WR
1965.0,14,5,Gary Porterfield,WR
1965.0,15,7,Otis Taylor,WR
1965.0,16,3,Frank Pitts,WR
1964.0,1,1,Dave Parks,WR
1964.0,1,10,Paul Martha,WR
1964.0,1,11,Paul Warfield,WR
1964.0,2,5,Hal Bedsole,WR
1964.0,2,14,Jim Kelly,WR
1964.0,7,4,Bob Hayes,WR
1964.0,8,7,Bucky Pope,WR
1963.0,1,7,Pat Richter,WR
1963.0,3,3,Ray Poage,WR
1962.0,1,4,Gary Collins,WR
1962.0,1,8,Lance Alworth,WR
1962.0,2,0,Lance Alworth,WR
1962.0,7,12,Frank Budd,WR
1960.0,1,11,Monty Stickles,WR
1960.0,6,3,Gail Cogdill,WR
1960.0,7,3,Jim Norton,WR
1960.0,8,2,Carroll Dale,WR
1960.0,9,9,Chris Burford,WR
1960.0,10,10,Mel Branch,WR
1959.0,1,11,Rich Kreitling,WR
1959.0,11,3,Art Powell,WR
1959.0,14,11,Elbert (Golden Wheels) Dubenion,WR
1959.0,19,7,Dave Kocourek,WR
1958.0,2,5,Willard Dewveall,WR
1957.0,3,6,Tommy McDonald,WR
1957.0,3,11,Terry Barr,WR
1957.0,9,12,Don Maynard,WR
1954.0,20,3,Raymond Berry,WR
1947.0,10,8,Dante Lavelli,WR
1945.0,1,5,Elroy Hirsch,WR
1945.0,5,9,Pete Pihos,WR
1945.0,11,5,Tom Fears,WR
