,Player,Tm,Pos,Age,G,GS,Tgt,Rec,PassingYds,PassingTD,PassingAtt,RushingYds,RushingTD,RushingAtt,ReceivingYds,ReceivingTD,FantasyPoints,Int,Fumbles,FumblesLost
0,Jonathan Taylor,IND,RB,22,17,17,51,40,0,0,0,1811,18,332,360,2,333,0,4,2
1,Cooper Kupp,LAR,WR,28,17,17,191,145,0,0,1,18,0,4,1947,16,295,0,0,0
2,Deebo Samuel,SFO,WR,25,16,15,121,77,24,1,2,365,8,59,1405,6,262,0,4,2
3,Josh Allen,BUF,QB,25,17,17,0,0,4407,36,646,763,6,122,0,0,403,15,8,3
4,Austin Ekeler,LAC,RB,26,16,16,94,70,0,0,0,911,12,206,647,8,274,0,4,3
5,Justin Herbert,LAC,QB,23,17,17,0,0,5014,38,672,302,3,63,0,0,381,15,1,1
6,Tom Brady,TAM,QB,44,17,17,0,0,5316,43,719,81,2,28,0,0,375,12,4,3
7,Mark Andrews,BAL,TE,26,17,9,153,107,0,0,0,0,0,1,1361,9,194,0,1,0
8,Ja'Marr Chase,CIN,WR,21,17,17,128,81,0,0,0,21,0,7,1455,13,224,0,2,1
9,Justin Jefferson,MIN,WR,22,17,17,167,108,35,0,4,14,0,6,1616,10,222,0,1,1
10,Joe Mixon,CIN,RB,25,16,16,48,42,0,0,0,1205,13,292,314,3,246,0,2,1
11,Davante Adams,GNB,WR,29,16,16,169,123,0,0,0,0,0,0,1553,11,221,0,0,0
12,Patrick Mahomes,KAN,QB,26,17,17,0,0,4839,37,658,381,2,66,0,0,362,13,9,4
13,Najee Harris,PIT,RB,23,17,17,94,74,0,0,0,1200,7,307,467,3,227,0,0,0
14,Travis Kelce,KAN,TE,32,16,16,134,92,0,0,0,3,1,2,1125,9,171,0,1,1
15,James Conner,ARI,RB,26,15,6,39,37,0,0,0,752,15,202,375,3,221,0,2,0
16,Mike Evans,TAM,WR,28,16,16,114,74,0,0,0,10,0,1,1035,14,189,0,0,0
17,Aaron Rodgers,GNB,QB,38,16,16,1,1,4115,37,531,101,3,33,-4,0,332,4,3,0
18,Tyreek Hill,KAN,WR,27,17,16,159,111,0,0,0,96,0,9,1239,9,186,0,2,1
19,Matthew Stafford,LAR,QB,33,17,17,0,0,4886,41,601,43,0,32,0,0,330,17,5,2
20,Stefon Diggs,BUF,WR,28,17,17,164,103,0,0,0,0,0,0,1225,10,183,0,1,0
21,Ezekiel Elliott,DAL,RB,26,17,17,65,47,4,0,1,1002,10,237,287,2,205,0,1,1
22,Dak Prescott,DAL,QB,28,16,16,0,0,4449,37,596,146,1,48,0,0,321,10,14,6
23,Nick Chubb,CLE,RB,26,14,14,25,20,0,0,0,1259,8,228,174,1,195,0,2,1
24,Mike Williams,LAC,WR,27,16,14,129,76,0,0,0,0,0,0,1146,9,171,0,0,0
25,D.K. Metcalf,SEA,WR,24,17,17,129,75,0,0,0,6,0,1,967,12,169,0,1,0
26,Tyler Lockett,SEA,WR,29,16,16,107,73,0,0,0,9,0,2,1175,8,168,0,0,0
27,Damien Harris,NWE,RB,24,15,15,21,18,0,0,0,929,15,202,132,0,192,0,2,2
28,Joe Burrow,CIN,QB,25,16,16,0,0,4611,34,520,118,2,40,0,0,314,14,5,2
30,Diontae Johnson,PIT,WR,25,16,14,169,107,0,0,0,53,0,5,1161,8,167,0,2,2
31,Jalen Hurts,PHI,QB,23,15,15,1,0,3144,16,432,784,10,139,0,0,312,9,9,2
32,Alvin Kamara,NOR,RB,26,13,10,67,47,0,0,0,898,4,240,439,5,188,0,0,0
33,Antonio Gibson,WAS,RB,23,16,14,52,42,0,0,0,1037,7,258,294,3,187,0,6,4
34,Leonard Fournette,TAM,RB,26,14,13,84,69,0,0,1,812,8,180,454,2,187,0,1,0
35,Dalton Schultz,DAL,TE,25,17,15,104,78,0,0,0,0,0,0,808,8,131,0,0,0
36,Cordarrelle Patterson,ATL,RB,30,16,13,69,52,0,0,1,618,6,153,548,5,183,0,2,0
37,George Kittle,SFO,TE,28,14,14,94,71,0,0,0,20,0,3,910,6,127,0,2,1
38,Hunter Renfrow,LVR,WR,26,17,9,128,103,0,0,0,3,0,3,1038,9,156,0,5,1
39,CeeDee Lamb,DAL,WR,22,16,13,120,79,0,0,0,76,0,9,1102,6,154,0,0,0
40,Kyler Murray,ARI,QB,24,14,14,0,0,3787,24,481,423,5,88,7,0,300,10,13,0
41,Kirk Cousins,MIN,QB,33,16,16,0,0,4221,33,561,115,1,29,0,0,300,7,12,2
42,Aaron Jones,GNB,RB,27,15,15,65,52,0,0,0,799,4,171,391,6,177,0,2,1
43,Keenan Allen,LAC,WR,29,16,16,157,106,0,0,1,0,0,0,1138,6,152,0,1,0
44,Derrick Henry,TEN,RB,27,8,8,20,18,5,1,1,937,10,219,154,0,175,0,1,0
45,Michael Pittman Jr.,IND,WR,24,17,17,129,88,0,0,0,44,0,5,1082,6,151,0,1,0
46,Dalvin Cook,MIN,RB,26,13,13,49,34,0,0,0,1159,6,249,224,0,172,0,3,2
47,Josh Jacobs,LVR,RB,23,15,14,64,54,0,0,0,872,9,217,348,0,172,0,2,2
48,Rob Gronkowski,TAM,TE,32,12,12,89,55,0,0,0,0,0,0,802,6,116,0,0,0
49,Tee Higgins,CIN,WR,22,14,14,110,74,0,0,0,0,0,0,1091,6,145,0,1,1
50,Dawson Knox,BUF,TE,25,15,14,71,49,0,0,0,4,0,0,587,9,115,0,0,0
51,D.J. Moore,CAR,WR,24,17,17,163,93,0,0,0,48,0,8,1157,4,145,0,1,1
52,Chris Godwin,TAM,WR,25,14,14,127,98,0,0,0,21,1,4,1103,5,144,0,2,2
53,Hunter Henry,NWE,TE,27,17,10,75,50,0,0,0,0,0,0,603,9,114,0,0,0
54,Melvin Gordon,DEN,RB,28,16,16,38,28,0,0,0,918,8,203,213,2,167,0,3,3
55,Jaylen Waddle,MIA,WR,23,16,16,140,104,0,0,0,3,1,2,1015,6,142,0,2,1
56,Brandin Cooks,HOU,WR,28,16,16,134,90,0,0,0,21,0,2,1037,6,142,0,0,0
57,Dallas Goedert,PHI,TE,26,15,14,76,56,0,0,0,0,0,0,830,4,109,0,1,0
58,Darnell Mooney,CHI,WR,24,17,14,140,81,0,0,0,32,1,6,1055,4,139,0,0,0
59,Kyle Pitts,ATL,TE,21,17,15,110,68,0,0,0,0,0,0,1026,1,109,0,0,0
61,Javonte Williams,DEN,RB,21,17,1,53,43,0,0,0,903,4,203,316,3,162,0,2,1
62,Amon-Ra St. Brown,DET,WR,22,17,9,119,90,0,0,0,61,1,7,912,5,137,0,0,0
63,Zach Ertz,2TM,TE,31,17,14,112,74,0,0,0,4,0,1,763,5,107,0,0,0
64,Terry McLaurin,WAS,WR,26,17,17,130,77,0,0,0,12,0,1,1053,5,137,0,0,0
65,Marquise Brown,BAL,WR,24,16,16,146,91,0,0,0,5,0,1,1008,6,135,0,3,1
66,Amari Cooper,DAL,WR,27,15,14,104,68,0,0,0,0,0,0,865,8,135,0,1,0
67,Devin Singletary,BUF,RB,24,17,16,50,40,0,0,0,870,7,188,228,1,158,0,5,0
68,Adam Thielen,MIN,WR,31,13,13,95,67,0,0,0,2,0,1,726,10,133,0,1,0
69,Christian Kirk,ARI,WR,25,17,11,103,77,33,0,1,11,0,1,982,5,131,0,0,0
70,David Montgomery,CHI,RB,24,13,13,51,42,0,0,1,849,7,225,301,0,153,1,1,1
71,AJ Dillon,GNB,RB,23,17,2,37,34,0,0,0,803,5,187,313,2,152,0,2,1
72,Kendrick Bourne,NWE,WR,26,17,5,70,55,25,1,1,125,0,12,800,5,126,0,1,1
73,Darrel Williams,KAN,RB,26,17,7,57,47,0,0,0,558,6,144,452,2,149,0,0,0
74,D'Andre Swift,DET,RB,22,13,4,78,62,0,0,1,617,5,151,452,2,147,0,2,1
75,Mike Gesicki,MIA,TE,26,17,9,112,73,0,0,1,0,0,0,780,2,92,0,0,0
76,Nick Ralston,DAL,,25,4,0,0,0,0,0,0,0,0,0,0,0,,0,0,0
77,Elijah Mitchell,SFO,RB,23,11,10,20,19,0,0,0,963,5,207,137,1,146,0,0,0
78,Tory Carter,TEN,,22,8,2,0,0,0,0,0,0,0,0,0,0,,0,0,0
79,Ryan Tannehill,TEN,QB,33,17,17,0,0,3734,21,531,270,7,55,0,0,268,14,10,4
80,Carson Wentz,IND,QB,29,17,17,0,0,3563,27,516,215,1,57,0,0,258,7,8,5
81,Derek Carr,LVR,QB,30,17,17,0,0,4804,23,626,108,0,40,0,0,257,14,13,5
82,Russell Wilson,SEA,QB,33,14,14,0,0,3113,25,400,183,2,43,0,0,243,6,6,1
83,Lamar Jackson,BAL,QB,24,12,12,0,0,2882,16,382,767,2,133,0,0,240,13,6,3
84,Jimmy Garoppolo,SFO,QB,30,15,15,0,0,3810,20,441,51,3,38,0,0,228,12,8,3
85,Mac Jones,NWE,QB,23,17,17,0,0,3801,22,521,129,0,44,0,0,225,13,7,3
86,Matt Ryan,ATL,QB,36,17,17,0,0,3968,20,560,82,1,40,0,0,223,12,11,4
87,Taylor Heinicke,WAS,QB,28,16,15,1,1,3419,20,494,313,1,60,-2,0,222,15,7,2
88,Ben Roethlisberger,PIT,QB,39,16,16,0,0,3740,22,605,5,1,20,0,0,218,10,11,5
89,Teddy Bridgewater,DEN,QB,29,14,14,0,0,3052,18,426,106,2,30,0,0,203,7,1,1
90,Trevor Lawrence,JAX,QB,22,17,17,0,0,3641,12,602,334,2,73,0,0,199,17,9,5
92,Jared Goff,DET,QB,27,14,14,0,0,3245,19,494,87,0,17,0,0,195,8,9,6
93,Baker Mayfield,CLE,QB,26,14,14,0,0,3010,17,418,134,1,37,11,0,181,13,6,3
94,Tua Tagovailoa,MIA,QB,23,13,12,0,0,2653,16,388,128,3,42,0,0,181,10,9,1
95,Daniel Jones,NYG,QB,24,11,11,1,1,2428,10,361,298,2,62,16,0,167,7,7,3
96,Sam Darnold,CAR,QB,24,12,11,0,0,2527,9,406,222,5,48,0,0,157,13,9,4
97,Davis Mills,HOU,QB,23,13,11,0,0,2664,16,394,44,0,18,0,0,157,10,5,1
98,Zach Wilson,NYJ,QB,22,13,13,1,0,2334,9,383,185,4,29,0,0,152,11,5,1
99,James Robinson,JAX,RB,23,14,13,46,31,0,0,0,767,8,164,222,0,143,0,4,2
100,Darrell Henderson,LAR,RB,24,12,10,40,29,0,0,0,688,5,149,176,3,134,0,0,0
101,Justin Fields,CHI,QB,22,12,10,0,0,1870,7,270,420,2,72,0,0,127,10,12,5
102,Myles Gaskin,MIA,RB,24,17,10,63,49,0,0,0,612,3,173,234,4,125,0,2,1
103,Sony Michel,LAR,RB,26,17,7,33,21,0,0,0,845,4,208,128,1,125,0,1,1
104,Tony Pollard,DAL,RB,24,15,0,46,39,0,0,0,719,2,130,337,0,124,0,2,0
105,DeVonta Smith,PHI,WR,23,17,16,104,64,0,0,0,0,0,0,916,5,122,0,1,1
106,A.J. Brown,TEN,WR,24,13,13,105,63,0,0,2,10,0,2,869,5,118,0,0,0
107,Michael Carter,NYJ,RB,22,14,11,55,36,0,0,0,639,4,147,325,0,118,0,1,1
108,Taysom Hill,NOR,QB,31,12,9,6,4,978,4,134,374,5,70,52,0,118,5,2,0
109,Van Jefferson,LAR,WR,25,17,17,89,50,0,0,0,20,0,2,802,6,118,0,0,0
110,Tyler Boyd,CIN,WR,27,16,10,94,67,46,0,1,22,0,2,828,5,117,0,1,0
111,Jameis Winston,NOR,QB,27,7,7,0,0,1170,14,161,166,1,32,0,0,117,3,2,1
112,Rashaad Penny,SEA,RB,25,10,6,8,6,0,0,0,749,6,119,48,0,116,0,0,0
113,Brandon Aiyuk,SFO,WR,23,17,16,84,56,0,0,0,17,0,5,826,5,114,0,2,1
114,Devonta Freeman,BAL,RB,29,16,8,42,34,0,0,0,576,5,133,190,1,113,0,0,0
115,Chuba Hubbard,CAR,RB,22,17,10,37,25,0,0,0,612,5,172,174,1,113,0,1,1
116,K.J. Osborn,MIN,WR,24,17,9,82,50,0,0,0,10,0,1,655,7,109,0,0,0
117,Saquon Barkley,NYG,RB,24,13,13,57,41,0,0,0,593,2,162,263,2,108,0,2,1
118,Chase Claypool,PIT,WR,23,15,13,105,59,0,0,0,96,0,14,860,2,108,0,0,0
119,Marvin Jones,JAX,WR,31,17,16,120,73,0,0,0,0,0,0,832,4,107,0,0,0
120,Marquez Callaway,NOR,WR,23,17,11,84,46,0,0,0,0,0,0,698,6,106,0,0,0
121,DeAndre Hopkins,ARI,WR,29,10,10,64,42,0,0,0,0,0,0,572,8,105,0,0,0
123,Devontae Booker,NYG,RB,29,16,4,45,40,0,0,0,593,2,145,268,1,104,0,0,0
124,A.J. Green,ARI,WR,33,16,9,92,54,0,0,0,0,0,0,848,3,103,0,0,0
125,Allen Lazard,GNB,WR,26,15,13,60,40,0,0,0,32,0,3,513,8,103,0,0,0
126,Jakobi Meyers,NWE,WR,25,17,16,126,83,45,0,2,9,0,1,866,2,103,0,1,1
127,Tim Patrick,DEN,WR,28,16,16,85,53,0,0,0,0,0,0,734,5,103,0,0,0
128,Cedrick Wilson Jr.,DAL,WR,26,16,4,61,45,88,0,3,11,0,2,602,6,103,0,3,0
129,Rhamondre Stevenson,NWE,RB,23,12,2,18,14,0,0,0,606,5,133,123,0,101,0,2,1
130,Chase Edmonds,ARI,RB,25,12,11,53,43,0,0,0,592,2,116,311,0,100,0,1,1
131,Clyde Edwards-Helaire,KAN,RB,22,10,10,23,19,0,0,0,517,4,119,129,2,99,0,2,2
132,Russell Gage,ATL,WR,25,14,9,94,66,0,0,0,0,0,0,770,4,97,0,2,2
133,Elijah Moore,NYJ,WR,21,11,6,77,43,0,0,0,54,1,5,538,5,95,0,0,0
134,Mike Davis,ATL,RB,28,17,8,58,44,0,0,0,503,3,138,259,1,94,0,4,3
135,Alexander Mattison,MIN,RB,23,16,4,39,32,0,0,0,491,3,134,228,1,94,0,1,1
136,Latavius Murray,BAL,RB,31,14,6,13,10,0,0,0,501,6,119,75,0,94,0,0,0
137,Jamaal Williams,DET,RB,26,13,11,28,26,0,0,0,601,3,153,157,0,94,0,1,0
138,Pat Freiermuth,PIT,TE,23,16,9,79,60,0,0,0,0,0,0,497,7,92,0,1,1
139,Courtland Sutton,DEN,WR,26,17,16,98,58,16,0,1,0,0,0,776,2,92,0,0,0
140,Robert Woods,LAR,WR,29,9,9,69,45,0,0,0,46,1,8,556,4,92,0,0,0
141,Gabriel Davis,BUF,WR,22,16,4,63,35,0,0,0,0,0,0,549,6,91,0,0,0
142,Noah Fant,DEN,TE,24,16,16,90,68,0,0,0,0,0,0,670,4,91,0,0,0
143,Christian McCaffrey,CAR,RB,25,7,7,41,37,0,0,0,442,1,99,343,1,91,0,1,0
144,Miles Sanders,PHI,RB,24,12,12,34,26,0,0,0,754,0,137,158,0,91,0,1,1
145,Kenneth Gainwell,PHI,RB,22,16,1,50,33,0,0,0,291,5,68,253,1,90,0,2,1
146,Emmanuel Sanders,BUF,WR,34,14,13,72,42,0,0,0,31,0,2,626,4,90,0,0,0
147,Trevor Siemian,NOR,QB,30,6,4,0,0,1154,11,188,20,1,9,0,0,90,3,3,1
148,Kareem Hunt,CLE,RB,26,8,1,27,22,0,0,0,386,5,78,174,0,88,0,0,0
149,Robby Anderson,CAR,WR,28,17,16,110,53,0,0,0,36,0,3,519,5,86,0,0,0
150,Tyler Higbee,LAR,TE,28,15,15,85,61,0,0,0,0,0,0,560,5,86,0,1,0
151,Cam Newton,CAR,QB,32,8,5,0,0,684,4,126,230,5,47,0,0,86,5,4,1
152,Boston Scott,PHI,RB,26,16,4,16,13,0,0,0,373,7,87,83,0,86,0,1,1
154,Odell Beckham Jr.,2TM,WR,29,14,13,82,44,0,0,0,14,0,2,537,5,85,0,0,0
155,D'Onta Foreman,TEN,RB,25,9,3,11,9,0,0,0,566,3,133,123,0,85,0,2,1
156,D'Ernest Johnson,CLE,RB,25,17,2,25,19,0,0,0,534,3,100,137,0,85,0,1,0
157,J.D. McKissic,WAS,RB,28,11,3,53,43,0,0,0,212,2,48,397,2,85,0,0,0
158,Byron Pringle,KAN,WR,28,17,5,60,42,0,0,0,0,0,0,568,5,85,0,2,1
159,Jared Cook,LAC,TE,34,16,10,83,48,0,0,0,0,0,0,564,4,84,0,0,0
160,Andy Dalton,CHI,QB,34,8,6,0,0,1515,8,236,76,0,16,0,0,84,9,1,1
161,T.J. Hockenson,DET,TE,24,12,12,84,61,0,0,0,0,0,0,583,4,84,0,0,0
162,Kalif Raymond,DET,WR,27,16,14,71,48,0,0,0,28,0,4,576,4,84,0,0,0
163,Brandon Bolden,NWE,RB,31,17,1,49,41,0,0,0,226,1,44,405,2,83,0,1,0
164,Tyler Huntley,BAL,QB,23,7,4,0,0,1081,3,188,294,2,47,0,0,83,4,4,3
165,Ty Johnson,NYJ,RB,24,16,3,55,34,0,0,0,238,2,61,372,2,83,0,2,1
166,Mecole Hardman,KAN,WR,23,17,8,83,59,0,0,0,46,0,8,693,2,82,0,3,2
167,Mark Ingram,2TM,RB,32,14,10,35,27,0,0,0,554,2,160,162,0,82,0,1,1
168,Zack Moss,BUF,RB,24,13,0,32,23,0,0,0,345,4,96,197,1,82,0,2,1
169,Tyrod Taylor,HOU,QB,32,6,6,0,0,966,5,150,151,3,19,0,0,82,5,3,0
170,Jarvis Landry,CLE,WR,29,12,12,87,52,0,0,0,40,2,6,570,2,81,0,3,2
171,Antonio Brown,TAM,WR,33,7,3,62,42,0,0,0,6,0,1,545,4,79,0,0,0
172,Rex Burkhead,HOU,RB,31,16,5,32,25,0,0,1,427,3,122,186,0,79,0,1,0
173,C.J. Uzomah,CIN,TE,28,16,16,63,49,0,0,0,0,0,0,493,5,79,0,0,0
174,Darren Waller,LVR,TE,29,11,11,93,55,0,0,0,0,0,0,665,2,79,0,0,0
175,Cole Beasley,BUF,WR,32,16,8,112,82,0,0,1,0,0,0,693,1,77,0,1,0
176,Tyler Conklin,MIN,TE,26,17,15,87,61,0,0,0,0,0,0,593,3,77,0,1,0
177,Deonte Harris,NOR,WR,24,13,1,59,36,0,0,0,41,0,5,570,3,77,0,2,1
178,Donovan Peoples-Jones,CLE,WR,22,14,9,58,34,0,0,0,0,0,0,597,3,76,0,2,1
179,Braxton Berrios+,NYJ,WR,26,16,1,65,46,0,0,0,40,2,7,431,2,75,0,1,1
180,Bryan Edwards,LVR,WR,23,16,12,59,34,0,0,0,0,0,1,571,3,75,0,1,0
181,Kenyan Drake,LVR,RB,27,12,2,40,30,0,0,0,254,2,63,291,1,73,0,1,0
182,Nyheim Hines,IND,RB,25,17,4,57,40,0,0,0,276,2,56,310,1,73,0,3,2
183,Quez Watkins,PHI,WR,23,17,12,62,43,0,0,0,3,0,1,647,1,73,0,0,0
185,Jacoby Brissett,MIA,QB,29,11,5,0,0,1283,5,225,70,1,19,0,0,72,4,6,3
186,David Njoku,CLE,TE,25,16,11,53,36,0,0,0,1,0,1,475,4,72,0,0,0
187,Corey Davis,NYJ,WR,26,9,9,59,34,0,0,0,0,0,0,492,4,71,0,2,1
188,Gerald Everett,SEA,TE,27,15,12,63,48,0,0,0,20,0,3,478,4,70,0,2,2
189,Nick Westbrook-Ikhine,TEN,WR,24,16,7,57,38,0,0,0,0,0,0,476,4,70,0,1,1
190,Ronald Jones II,TAM,RB,24,16,3,13,10,0,0,0,428,4,101,64,0,69,0,2,2
191,Nelson Agholor,NWE,WR,28,15,13,64,37,0,0,0,11,0,3,473,3,66,0,0,0
192,Randall Cobb,GNB,WR,31,12,3,39,28,0,0,0,1,0,1,375,5,66,0,1,1
193,Jalen Guyton,LAC,WR,24,16,2,48,31,0,0,0,34,0,7,448,3,66,0,1,0
194,Khalil Herbert,CHI,RB,23,17,2,16,14,0,0,0,433,2,103,96,0,65,0,1,0
195,Trey Lance,SFO,QB,21,6,2,0,0,603,5,71,168,1,38,0,0,65,2,0,0
196,Justin Jackson,LAC,RB,25,14,2,25,22,0,0,0,364,2,68,178,0,64,0,1,1
197,DeVante Parker,MIA,WR,28,10,8,73,40,0,0,0,0,0,0,515,2,64,0,0,0
198,Laviska Shenault Jr.,JAX,WR,23,16,10,100,63,0,0,0,41,0,11,619,0,64,0,1,1
199,DeAndre Carter,WAS,WR,28,17,6,44,24,0,0,0,89,0,10,296,3,63,0,3,0
200,Freddie Swain,SEA,WR,23,17,8,40,25,0,0,0,32,0,5,343,4,62,0,1,0
201,Jordan Howard,PHI,RB,27,7,0,5,2,0,0,0,406,3,86,19,0,61,0,0,0
202,Cole Kmet,CHI,TE,22,17,17,93,60,0,0,0,0,0,1,612,0,61,0,0,0
203,Henry Ruggs III,LVR,WR,22,7,7,36,24,0,0,0,16,0,3,469,2,61,0,0,0
204,Marquez Valdes-Scantling,GNB,WR,27,11,7,55,26,0,0,0,0,0,0,430,3,61,0,0,0
205,Alex Collins,SEA,RB,27,11,6,10,9,0,0,0,411,2,108,87,0,60,0,1,1
206,Josh Palmer,LAC,WR,23,17,5,49,33,0,0,0,6,0,1,353,4,60,0,0,0
207,Jamison Crowder,NYJ,WR,28,12,4,71,51,0,0,0,0,0,0,447,2,59,0,1,1
208,Zay Jones,LVR,WR,26,17,9,70,47,0,0,0,3,0,2,546,1,59,0,1,1
209,Olamide Zaccheaus,ATL,WR,24,17,8,53,31,0,0,0,2,0,1,406,3,59,0,0,0
210,Rashod Bateman,BAL,WR,22,12,4,68,46,0,0,0,0,0,0,515,1,58,0,0,0
211,Jauan Jennings,SFO,WR,24,16,1,38,24,0,0,0,0,0,0,282,5,58,0,1,0
212,Evan Engram,NYG,TE,27,15,12,73,46,0,0,0,-3,0,1,408,3,57,0,1,1
213,Michael Gallup,DAL,WR,25,9,8,62,35,0,0,0,0,0,0,445,2,57,0,0,0
214,Zach Pascal,IND,WR,27,16,13,69,38,0,0,0,21,0,2,384,3,57,0,1,1
216,Mo Alie-Cox,IND,TE,28,17,7,45,24,0,0,0,0,0,0,316,4,56,0,1,0
217,DeSean Jackson,2TM,WR,35,16,4,34,20,0,0,0,4,0,1,454,2,56,0,1,1
218,Samaje Perine,CIN,RB,26,16,0,31,27,0,0,0,246,1,55,196,1,56,0,0,0
219,Tre'Quan Smith,NOR,WR,25,11,6,50,32,0,0,0,0,0,0,377,3,56,0,1,0
220,Austin Hooper,CLE,TE,27,16,16,61,38,0,0,0,0,0,0,345,3,55,0,0,0
221,Duke Johnson,MIA,RB,28,5,4,5,4,0,0,0,330,3,71,41,0,55,0,0,0
222,Rondale Moore,ARI,WR,21,14,7,64,54,0,0,0,76,0,18,435,1,55,0,3,1
223,Foster Moreau,LVR,TE,24,17,11,44,30,0,0,0,0,0,0,373,3,55,0,1,0
224,Dontrell Hilliard,TEN,RB,26,8,5,26,19,0,0,0,350,2,56,87,0,54,0,2,1
225,Geno Smith,SEA,QB,31,4,3,0,0,702,5,95,42,1,9,0,0,54,1,1,1
226,Ameer Abdullah,2TM,RB,28,17,1,53,38,0,0,0,166,0,51,289,1,52,0,0,0
227,Jamal Agnew,JAX,WR,26,10,2,39,24,0,0,0,111,1,7,229,1,52,0,1,0
228,Kenny Golladay,NYG,WR,28,14,14,76,37,0,0,0,0,0,0,521,0,52,0,0,0
229,Josh Reynolds,2TM,WR,26,12,5,49,29,0,0,0,0,0,0,396,2,52,0,0,0
230,Keelan Cole,NYJ,WR,28,15,11,51,28,0,0,1,0,0,0,449,1,51,0,0,0
231,Nico Collins,HOU,WR,22,14,8,60,33,0,0,0,0,0,0,446,1,51,0,0,0
232,T.Y. Hilton,IND,WR,32,10,9,37,23,0,0,0,0,0,0,331,3,51,0,0,0
233,Drew Lock,DEN,QB,25,6,3,1,1,787,2,111,53,2,10,1,0,51,2,2,1
234,Jack Doyle,IND,TE,31,17,14,43,29,0,0,0,0,0,0,302,3,50,0,0,0
235,Devin Duvernay,BAL,WR,24,16,7,47,33,0,0,0,50,0,7,272,2,50,0,1,0
236,Cameron Brate,TAM,TE,30,17,3,57,30,0,0,0,0,0,0,245,4,49,0,0,0
237,David Johnson,HOU,RB,30,13,4,42,32,0,0,0,228,0,67,225,1,49,0,1,1
238,Julio Jones,TEN,WR,32,10,10,48,31,0,0,0,0,0,0,434,1,49,0,0,0
239,Allen Robinson,CHI,WR,28,12,11,66,38,0,0,0,0,0,0,410,1,49,0,0,0
240,Laquon Treadwell,JAX,WR,26,12,7,51,33,0,0,0,0,0,0,434,1,49,0,0,0
241,Derrick Gore,KAN,RB,27,11,0,9,8,0,0,0,256,2,51,105,0,48,0,0,0
242,Jerry Jeudy,DEN,WR,22,10,5,56,38,0,0,0,3,0,2,467,0,47,0,1,0
243,Mack Hollins,MIA,WR,28,17,3,28,14,0,0,0,0,0,0,223,4,46,0,0,0
244,Travis Homer,SEA,RB,23,14,0,20,16,0,0,0,177,1,21,161,0,46,0,0,0
245,Josh Johnson,2TM,QB,35,4,1,0,0,638,5,85,28,0,9,0,0,46,2,2,0
247,Jeremy McNichols,TEN,RB,26,14,0,38,28,0,0,0,156,0,41,240,1,46,0,0,0
248,Jaret Patterson,WAS,RB,22,17,1,11,10,0,0,0,266,2,68,73,0,46,0,1,0
249,Danny Amendola,HOU,WR,36,8,0,38,24,0,0,1,0,0,0,248,3,45,0,1,0
250,Anthony Firkser,TEN,TE,26,15,1,43,34,0,0,0,0,0,0,291,2,45,0,2,1
251,Jalen Reagor,PHI,WR,22,17,13,57,33,0,0,0,32,0,10,299,2,45,0,2,0
252,Damien Williams,CHI,RB,29,12,2,23,16,0,0,0,164,2,40,103,1,45,0,0,0
253,Jeff Wilson,SFO,RB,26,9,4,8,7,0,0,0,294,2,79,31,0,45,0,1,0
254,Kyle Juszczyk,SFO,RB,30,17,16,38,30,0,0,0,22,1,8,296,1,44,0,0,0
255,Demarcus Robinson,KAN,WR,27,17,10,41,25,0,0,0,0,0,0,264,3,44,0,0,0
256,Mike White,NYJ,QB,26,4,3,0,0,953,5,132,-1,0,5,0,0,44,8,0,0
257,Chris Conley,HOU,WR,29,16,10,37,22,0,0,0,3,0,1,323,2,43,0,1,1
258,Albert Okwuegbunam,DEN,TE,23,14,6,40,33,0,0,0,0,0,0,330,2,43,0,1,1
259,Darius Slayton,NYG,WR,24,13,5,58,26,0,0,0,-13,0,1,339,2,43,0,1,1
260,Kadarius Toney,NYG,WR,22,10,4,57,39,19,0,3,6,0,3,420,0,43,0,0,0
261,Sammy Watkins,BAL,WR,28,13,9,49,27,0,0,0,0,0,0,394,1,43,0,1,1
262,Chris Carson,SEA,RB,27,4,4,6,6,0,0,0,232,3,54,29,0,42,0,1,1
263,Sterling Shepard,NYG,WR,28,7,6,53,36,0,0,0,-9,0,1,366,1,42,0,0,0
264,James Washington,PIT,WR,25,15,2,44,24,0,0,0,13,0,2,285,2,42,0,0,0
265,Dan Arnold,2TM,TE,26,11,4,52,35,0,0,0,0,0,0,408,0,41,0,1,1
266,Harrison Bryant,CLE,TE,23,16,3,28,21,0,0,0,0,0,0,233,3,41,0,0,0
267,Tevin Coleman,NYJ,RB,28,11,5,16,11,0,0,0,356,0,84,49,0,41,0,0,0
268,Phillip Lindsay,2TM,RB,27,14,1,5,4,0,0,0,249,1,88,45,1,41,0,0,0
269,Colt McCoy,ARI,QB,35,8,3,0,0,740,3,99,37,0,22,0,0,41,1,4,1
270,Peyton Barber,LVR,RB,27,10,1,13,10,0,0,0,212,2,55,67,0,40,0,2,0
271,Juwan Johnson,NOR,TE,25,14,2,22,13,0,0,0,0,0,0,159,4,40,0,0,0
272,Calvin Ridley,ATL,WR,27,5,5,52,31,0,0,0,0,0,0,281,2,40,0,0,0
273,Damiere Byrd,CHI,WR,28,17,4,38,26,0,0,0,0,0,0,329,1,39,0,1,1
274,DeeJay Dallas,SEA,RB,23,17,0,23,21,0,0,0,138,2,33,133,0,39,0,1,0
275,Ashton Dulin,IND,WR,24,17,1,22,13,0,0,0,32,0,3,173,2,39,0,0,0
276,Donald Parham,LAC,TE,24,14,9,27,20,0,0,0,0,0,0,190,3,39,0,0,0
278,Ricky Seals-Jones,WAS,TE,26,13,6,49,30,0,0,0,0,0,0,271,2,39,0,0,0
279,Jonnu Smith,NWE,TE,26,16,11,45,28,0,0,0,40,0,9,294,1,39,0,1,0
280,Geoff Swaim,TEN,TE,28,16,16,40,31,0,0,0,0,0,0,210,3,39,0,0,0
281,Antoine Wesley,ARI,WR,24,15,4,32,19,0,0,0,0,0,0,208,3,39,0,0,0
282,Ryan Griffin,NYJ,TE,31,14,12,42,27,0,0,0,0,0,0,261,2,38,0,1,0
283,Adam Humphries,WAS,WR,28,17,11,62,41,0,0,0,0,0,0,383,0,38,0,0,0
284,Hayden Hurst,ATL,TE,28,13,5,31,26,0,0,0,0,0,0,221,3,38,0,3,1
285,Josiah Deguara,GNB,TE,24,16,2,33,25,0,0,0,0,0,0,245,2,37,0,0,0
286,Marquise Goodwin,CHI,WR,31,14,2,40,20,0,0,0,-1,0,2,313,1,37,0,1,0
287,Jimmy Graham,CHI,TE,35,15,6,23,14,0,0,0,0,0,0,167,3,37,0,0,0
288,Lil'Jordan Humphrey,NOR,WR,23,10,4,18,13,0,0,0,0,0,0,249,2,37,0,0,0
289,Dare Ogunbowale,JAX,RB,27,17,2,21,13,0,0,0,137,1,43,114,1,37,0,0,0
290,Giovani Bernard,TAM,RB,30,12,0,29,23,0,0,0,58,0,8,123,3,36,0,1,0
291,Matt Breida,BUF,RB,26,9,0,9,7,0,0,0,125,1,26,72,2,36,0,1,1
292,Tyler Johnson,TAM,WR,23,17,3,55,36,0,0,0,0,0,0,360,0,36,0,0,0
293,Brevin Jordan,HOU,TE,21,9,2,28,20,0,0,0,0,0,0,178,3,36,0,0,0
294,Durham Smythe,MIA,TE,26,17,12,41,34,0,0,0,3,0,2,357,0,36,0,0,0
295,Logan Thomas,WAS,TE,30,6,6,25,18,0,0,0,0,0,0,196,3,36,0,1,1
296,Adam Trautman,NOR,TE,24,13,10,43,27,0,0,0,0,0,0,263,2,36,0,1,1
297,Chris Evans,CIN,RB,24,14,1,17,15,0,0,0,77,0,17,151,2,35,0,0,0
298,Cyril Grayson,TAM,WR,28,5,3,12,10,0,0,0,14,0,1,212,2,35,0,0,0
299,Chris Moore,HOU,WR,28,12,1,22,21,0,0,0,0,0,0,227,2,35,0,0,0
300,MyCole Pruitt,TEN,TE,29,16,9,18,14,0,0,0,0,0,0,145,3,35,0,0,0
301,Chester Rogers,TEN,WR,27,16,2,43,30,0,0,0,9,0,1,301,1,35,0,4,1
302,Quintez Cephus,DET,WR,23,5,3,22,15,0,0,0,0,0,0,204,2,34,0,0,0
303,Rashard Higgins,CLE,WR,27,15,4,47,24,0,0,0,0,0,0,275,1,34,0,0,0
304,Carlos Hyde,JAX,RB,31,12,2,21,12,0,0,0,253,1,72,65,0,34,0,2,2
305,Gardner Minshew II,PHI,QB,25,4,2,0,0,439,4,60,21,0,9,0,0,34,1,1,0
306,Kyle Rudolph,NYG,TE,32,16,13,39,26,0,0,0,0,0,0,257,1,34,0,0,0
307,Cam Sims,WAS,WR,25,14,3,23,15,0,0,0,7,0,1,211,2,34,0,0,0
309,Le'Veon Bell,2TM,RB,29,8,0,7,5,0,0,0,101,2,39,30,1,33,0,0,0
310,Demetric Felton,CLE,RB,23,16,2,21,18,0,0,0,24,0,7,181,2,33,0,4,0
311,Isaiah McKenzie,BUF,WR,26,15,2,26,20,0,0,0,47,1,9,178,1,33,0,2,1
312,Tommy Tremble,CAR,TE,21,16,11,35,20,0,0,0,11,1,3,180,1,33,0,0,0
313,Malik Turner,DAL,WR,25,14,0,16,12,0,0,0,0,0,0,149,3,33,0,0,0
314,Ke'Shawn Vaughn,TAM,RB,24,12,1,8,4,0,0,0,180,2,36,26,0,33,0,0,0
315,Ty'Son Williams,BAL,RB,25,13,3,12,9,0,0,0,185,1,35,84,0,33,0,1,0
316,Robert Tonyan,GNB,TE,27,8,5,29,18,0,0,0,0,0,0,204,2,32,0,0,0
317,John Bates,WAS,TE,24,17,8,25,20,0,0,0,0,0,0,249,1,31,0,1,0
318,Mike Glennon,NYG,QB,32,6,4,0,0,790,4,167,33,1,7,0,0,31,10,6,3
319,Brandon Zylstra,CAR,WR,28,13,3,25,18,0,0,1,0,0,0,250,1,31,0,0,0
320,John Ross,NYG,WR,26,10,1,20,11,0,0,0,16,0,1,224,1,30,0,1,0
321,Will Dissly,SEA,TE,25,15,14,26,21,0,0,0,0,0,0,231,1,29,0,1,0
322,Jakeem Grant,2TM,WR,29,15,0,17,11,0,0,0,33,0,5,132,2,29,0,3,3
323,Case Keenum,CLE,QB,33,7,2,0,0,462,3,72,22,0,12,0,0,29,1,1,1
324,Isaiah Ford,MIA,WR,25,13,2,17,12,0,0,0,0,0,0,161,2,28,0,0,0
325,Craig Reynolds,DET,RB,25,5,2,8,7,0,0,0,230,0,55,52,0,28,0,0,0
326,Greg Ward,PHI,WR,26,17,0,11,7,2,0,2,0,0,0,95,3,28,0,0,0
327,Salvon Ahmed,MIA,RB,23,12,0,19,12,0,0,0,149,0,54,117,0,27,0,0,0
328,Tavon Austin,JAX,WR,31,13,3,37,24,0,0,0,21,0,3,213,1,27,0,1,1
329,DJ Chark,JAX,WR,25,4,4,22,7,0,0,0,0,0,0,154,2,27,0,0,0
330,Jamycal Hasty,SFO,RB,25,11,0,29,23,0,0,0,68,1,16,157,0,27,0,2,1
331,Ray-Ray McCloud,PIT,WR,25,16,5,66,39,0,0,0,15,0,2,277,0,27,0,4,1
332,Elijhaa Penny,NYG,RB,28,17,3,13,9,0,0,0,99,1,24,30,1,27,0,0,0
333,James O'Shaughnessy,JAX,TE,29,7,6,34,24,0,0,0,0,0,0,244,0,26,0,0,0
334,Royce Freeman,2TM,RB,25,15,0,16,10,0,0,0,169,0,56,77,0,25,0,0,0
335,Trey Sermon,SFO,RB,22,9,2,4,3,0,0,0,167,1,41,26,0,25,0,0,0
336,Maxx Williams,ARI,TE,27,5,5,17,16,0,0,0,0,0,0,193,1,25,0,0,0
337,Tim Boyle,DET,QB,27,5,3,0,0,526,3,94,13,0,2,0,0,24,6,1,0
338,Joe Flacco,NYJ,QB,36,2,1,0,0,338,3,42,3,0,2,0,0,24,0,1,1
340,Kendall Hinton,DEN,WR,24,16,1,23,15,1,0,1,0,0,0,175,1,24,0,0,0
341,Cooper Rush,DAL,QB,28,5,1,0,0,422,3,47,-8,0,9,0,0,24,1,1,1
342,Ihmir Smith-Marsette,MIN,WR,22,8,1,6,5,0,0,0,0,0,0,116,2,24,0,0,0
343,Brock Wright,DET,TE,23,10,5,17,12,0,0,0,0,0,0,117,2,24,0,0,0
344,Stephen Anderson,LAC,TE,28,17,4,19,16,0,0,0,0,0,0,165,1,23,0,0,0
345,Corey Clement,DAL,RB,27,17,0,7,6,0,0,0,140,0,33,29,1,23,0,0,0
346,Tyler Kroft,NYJ,TE,29,9,6,25,16,0,0,0,0,0,0,173,1,23,0,0,0
347,Jerick McKinnon,KAN,RB,29,13,0,20,13,0,0,0,62,0,12,107,1,23,0,0,0
348,Adrian Peterson,2TM,RB,36,4,3,4,4,0,0,0,98,2,38,8,0,23,0,1,0
349,Anthony Schwartz,CLE,WR,21,14,2,23,10,0,0,0,39,0,6,135,1,23,0,0,0
350,Tajae Sharpe,ATL,WR,27,15,7,37,25,0,0,0,0,0,0,230,0,23,0,0,0
351,Albert Wilson,MIA,WR,29,14,5,39,25,0,0,1,17,0,4,213,0,23,0,0,0
352,Eno Benjamin,ARI,RB,22,9,0,7,6,0,0,0,118,1,34,42,0,22,0,0,0
353,Parris Campbell,IND,WR,24,6,3,20,10,0,0,0,0,0,0,162,1,22,0,0,0
354,Blake Jarwin,DAL,TE,27,8,5,17,11,0,0,0,0,0,0,96,2,22,0,0,0
355,Jermar Jefferson,DET,RB,21,7,0,5,4,0,0,0,74,2,15,23,0,22,0,0,0
356,Breshad Perriman,TAM,WR,28,6,0,18,11,0,0,0,-3,0,1,167,1,22,0,0,0
357,Eric Ebron,PIT,TE,28,8,3,18,12,0,0,0,1,1,1,84,1,21,0,0,0
358,Marcedes Lewis,GNB,TE,37,17,17,28,23,0,0,0,0,0,0,214,0,21,0,1,0
359,Jordan Love,GNB,QB,23,6,1,0,0,411,2,62,27,0,12,0,0,21,3,3,1
360,Malcolm Brown,MIA,RB,28,7,3,5,3,0,0,0,125,1,33,10,0,20,0,0,0
361,O.J. Howard,TAM,TE,27,17,9,21,14,0,0,0,0,0,0,135,1,20,0,0,0
362,Godwin Igwebuike,DET,RB,27,17,1,10,7,0,0,0,118,1,18,60,0,20,0,2,2
363,James Proche,BAL,WR,25,14,0,20,16,0,0,0,0,0,0,202,0,20,0,0,0
364,JuJu Smith-Schuster,PIT,WR,25,5,5,28,15,0,0,0,9,1,3,129,0,20,0,0,0
365,Kene Nwangwu,MIN,RB,23,11,0,5,4,0,0,0,61,0,13,9,0,19,0,0,0
366,Ian Thomas,CAR,TE,25,17,13,30,18,0,0,0,0,0,0,188,0,19,0,0,0
367,Nick Vannett,NOR,TE,28,7,2,15,9,0,0,0,0,0,0,133,1,19,0,0,0
368,James White,NWE,RB,29,3,0,14,12,0,0,0,38,1,10,94,0,19,0,0,0
369,Jordan Akins,HOU,TE,29,13,3,33,24,0,0,0,3,0,1,214,0,18,0,2,2
371,Noah Brown,DAL,WR,25,13,1,25,16,0,0,0,0,0,0,184,0,18,0,0,0
372,D'Wayne Eskridge,SEA,WR,24,10,0,20,10,0,0,0,59,0,4,64,1,18,0,0,0
373,KhaDarel Hodge,DET,WR,26,16,1,27,13,0,0,0,0,0,0,157,0,18,0,0,0
374,Mason Rudolph,PIT,QB,26,2,1,0,0,277,1,58,53,0,5,0,0,18,1,1,0
375,Mohamed Sanu,SFO,WR,32,8,0,24,15,0,0,0,0,0,0,177,0,18,0,0,0
376,Nick Foles,CHI,QB,32,1,1,0,0,250,1,35,8,0,4,0,0,17,0,1,0
377,Joe Fortson,KAN,TE,26,6,0,5,5,0,0,0,0,0,0,47,2,17,0,0,0
378,Zach Gentry,PIT,TE,25,17,12,25,19,0,0,0,0,0,0,167,0,17,0,0,0
379,Tony Jones,NOR,RB,24,11,4,8,5,0,0,0,142,0,54,29,0,17,0,0,0
380,Austin Walter,NYJ,RB,25,4,0,3,2,0,0,0,101,1,26,9,0,17,0,0,0
381,Jonathan Williams,WAS,RB,27,5,0,6,4,0,0,0,79,1,17,28,0,17,0,0,0
382,Dyami Brown,WAS,WR,22,15,6,25,12,0,0,0,-4,0,1,165,0,16,0,0,0
383,C.J. Ham,MIN,RB,28,17,8,18,17,0,0,0,34,0,7,125,0,16,0,0,0
384,N'Keal Harry,NWE,WR,24,12,4,22,12,0,0,0,0,0,0,184,0,16,0,1,1
385,Marcus Johnson,TEN,WR,27,7,3,19,9,0,0,0,-2,0,2,160,0,16,0,0,0
386,Terrace Marshall Jr.,CAR,WR,21,13,3,30,17,0,0,0,0,0,0,138,0,16,0,0,0
387,Qadree Ollison,ATL,RB,25,8,0,6,4,0,0,0,105,1,21,12,0,16,0,1,1
388,Kristian Wilkerson,NWE,WR,24,3,1,8,4,0,0,0,0,0,0,42,2,16,0,0,0
389,Pharaoh Brown,HOU,TE,27,15,12,34,23,0,0,0,0,0,0,171,0,15,0,1,1
390,Alec Ingold,LVR,RB,25,9,3,12,10,0,0,0,1,0,2,85,1,15,0,0,0
391,Marcus Mariota,LVR,QB,28,10,0,0,0,4,0,2,87,1,13,0,0,15,0,1,0
392,Dante Pettis,NYG,WR,26,3,0,16,10,16,0,1,0,0,0,87,1,15,0,1,0
393,Larry Rountree,LAC,RB,22,12,0,2,1,0,0,0,87,1,36,-1,0,15,0,0,0
394,Trent Sherfield,SFO,WR,25,17,1,20,9,0,0,0,0,0,0,87,1,15,0,0,0
395,J.J. Taylor,NWE,RB,23,5,0,4,4,0,0,0,37,2,19,8,0,15,0,1,1
396,Patrick Taylor,GNB,RB,23,9,0,2,2,0,0,0,89,1,23,3,0,15,0,0,0
397,Brandon Allen,CIN,QB,29,6,1,0,0,149,2,34,-1,0,7,0,0,14,0,1,0
398,Jesper Horsted,CHI,TE,24,7,0,3,2,0,0,0,0,0,0,21,2,14,0,0,0
399,Scott Miller,TAM,WR,24,9,0,9,5,0,0,0,43,1,2,38,0,14,0,0,0
400,Ty Montgomery,NOR,WR,28,14,3,26,16,0,0,0,44,0,15,95,0,14,0,0,0
402,P.J. Walker,CAR,QB,26,5,1,0,0,362,1,66,13,0,7,0,0,14,3,3,1
403,Wayne Gallman,2TM,RB,27,8,0,3,1,0,0,0,104,0,28,21,0,13,0,0,0
404,Chris Manhertz,JAX,TE,29,17,10,9,6,0,0,0,0,0,0,71,1,13,0,0,0
405,Sean Mannion,MIN,QB,29,1,1,0,0,189,1,36,14,0,2,0,0,13,0,0,0
406,Denzel Mims,NYJ,WR,24,11,3,23,8,0,0,0,0,0,0,133,0,13,0,0,0
407,Patrick Ricard,BAL,RB,27,13,11,13,8,0,0,0,4,0,2,63,1,13,0,0,0
408,Ben Skowronek,LAR,WR,24,14,1,20,11,0,0,0,0,0,0,133,0,13,0,0,0
409,Lee Smith,ATL,TE,34,16,6,11,9,0,0,0,0,0,0,65,1,13,0,0,0
410,Kenny Stills,NOR,WR,29,13,4,23,6,0,0,0,1,0,1,68,1,13,0,0,0
411,Michael Burton,KAN,RB,29,16,0,3,3,0,0,0,26,1,8,31,0,12,0,0,0
412,Jacob Hollister,JAX,TE,28,7,2,14,9,0,0,0,0,0,0,55,1,12,0,0,0
413,Brian Hoyer,NWE,QB,36,5,0,0,0,227,1,11,-8,0,11,0,0,12,0,0,0
414,Jesse James,CHI,TE,27,14,9,8,7,0,0,0,0,0,0,62,1,12,0,0,0
415,Joshua Kelley,LAC,RB,24,10,0,6,5,0,0,0,102,0,33,38,0,12,0,1,1
416,Tom Kennedy,DET,WR,25,12,0,10,6,75,1,1,0,0,0,54,0,12,0,0,0
417,Antony Auclair,HOU,TE,28,16,13,5,5,0,0,0,0,0,0,47,1,11,0,0,0
418,Phillip Dorsett,3TM,WR,28,6,0,14,7,0,0,0,0,0,1,110,0,11,0,0,0
419,Ross Dwelley,SFO,TE,26,17,2,5,4,0,0,0,0,0,0,51,1,11,0,0,0
420,Dez Fitzpatrick,TEN,WR,24,4,0,8,5,0,0,0,0,0,0,49,1,11,0,0,0
421,Jake Fromm,NYG,QB,23,3,2,0,0,210,1,60,65,0,8,0,0,11,3,2,1
422,Kylen Granson,IND,TE,23,17,0,15,11,0,0,0,0,0,0,106,0,11,0,0,0
423,Collin Johnson,NYG,WR,24,12,1,21,11,0,0,0,0,0,0,105,0,11,0,0,0
424,Marlon Mack,IND,RB,25,6,0,5,2,0,0,0,101,0,28,8,0,11,0,0,0
425,Jalen Richard,LVR,RB,28,10,0,14,12,0,0,0,40,0,9,72,0,11,0,0,0
426,Eric Saubert,DEN,TE,27,17,4,12,8,0,0,0,0,0,0,47,1,11,0,0,0
427,Adam Shaheen,MIA,TE,27,12,7,16,12,0,0,0,0,0,0,110,0,11,0,0,0
428,Jeff Smith,NYJ,WR,24,12,3,17,8,0,0,0,-1,0,1,113,0,11,0,0,0
429,Benny Snell Jr.,PIT,RB,23,17,0,4,2,0,0,0,98,0,36,13,0,11,0,0,0
430,Equanimeous St. Brown,GNB,WR,25,13,2,17,9,0,0,0,14,0,3,98,0,11,0,0,0
431,Ryquell Armstead,JAX,RB,25,2,0,4,3,0,0,0,80,0,15,16,0,10,0,0,0
433,Blake Bell,KAN,TE,30,16,5,13,9,0,0,0,10,0,4,87,0,10,0,0,0
434,Trinity Benson,DET,WR,24,8,2,22,10,0,0,0,0,0,0,103,0,10,0,0,0
435,Jason Cabinda,DET,RB,25,14,4,7,4,0,0,0,23,0,3,16,1,10,0,0,0
436,Noah Gray,KAN,TE,22,16,1,10,7,0,0,0,0,0,0,36,1,10,0,0,0
437,Chris Herndon,MIN,TE,25,16,5,7,4,0,0,0,0,0,0,40,1,10,0,0,0
438,Chris Hogan,NOR,WR,34,5,1,8,4,0,0,0,0,0,0,41,1,10,0,0,0
439,Nick Mullens,CLE,QB,26,1,1,0,0,147,1,30,0,0,0,0,0,10,0,0,0
440,Shi Smith,CAR,WR,23,6,0,11,6,0,0,0,-3,0,1,104,0,10,0,0,0
441,Tommy Sweeney,BUF,TE,26,13,3,12,9,0,0,0,0,0,0,44,1,10,0,1,0
442,Auden Tate,CIN,WR,24,7,0,4,3,0,0,0,0,0,0,39,1,10,0,0,0
443,Cameron Batson,TEN,WR,26,4,0,5,2,0,0,0,15,0,2,15,1,9,0,0,0
444,Josh Gordon,KAN,WR,30,12,7,14,5,0,0,0,0,0,0,32,1,9,0,0,0
445,JaQuan Hardy,DAL,RB,24,3,0,0,0,0,0,0,29,1,4,0,0,9,0,0,0
446,Deon Jackson,IND,RB,22,9,0,0,0,0,0,0,31,1,13,0,0,9,0,0,0
447,Andy Janovich,CLE,RB,28,13,3,4,3,0,0,0,0,1,2,9,0,9,0,0,0
448,Sean McKeon,DAL,TE,24,9,2,6,4,0,0,0,0,0,0,27,1,9,0,0,0
449,Anthony Miller,2TM,WR,27,3,1,12,6,0,0,0,0,0,0,25,1,9,0,0,0
450,Keith Smith,ATL,RB,29,17,8,10,9,0,0,0,31,0,9,56,0,9,0,0,0
451,Kyle Allen,WAS,QB,25,2,0,0,0,120,1,19,11,0,2,0,0,8,0,1,1
452,Alex Armah,2TM,RB,27,11,2,1,1,0,0,0,21,0,5,1,1,8,0,0,0
453,Garrett Gilbert,WAS,QB,30,1,1,0,0,194,0,31,0,0,0,0,0,8,0,1,0
454,Tyree Jackson,PHI,TE,24,9,3,7,3,0,0,0,0,0,0,22,1,8,0,0,0
455,Chris Myarick,NYG,TE,26,8,3,6,3,0,0,0,0,0,0,17,1,8,0,0,0
456,Dezmon Patmon,IND,WR,23,8,0,4,2,0,0,0,0,0,0,21,1,8,0,0,0
457,Drew Sample,CIN,TE,25,17,8,15,11,0,0,0,0,0,0,81,0,8,0,0,0
458,Mitchell Trubisky,BUF,QB,27,6,0,0,0,43,0,8,24,1,13,0,0,8,1,0,0
459,Preston Williams,MIA,WR,24,8,3,16,6,0,0,0,7,0,1,71,0,8,0,0,0
460,KJ Hamler,DEN,WR,22,3,2,10,5,0,0,0,0,0,0,74,0,7,0,0,0
461,Josh Oliver,BAL,TE,24,14,1,15,9,0,0,0,0,0,0,66,0,7,0,1,0
462,Andre Roberts,2TM,WR,33,16,0,2,1,0,0,0,19,0,3,35,0,7,0,3,2
464,Johnny Stanton,CLE,RB,27,4,0,2,2,0,0,0,5,0,3,7,1,7,0,0,0
465,Jonathan Ward,ARI,RB,24,13,0,4,3,0,0,0,33,0,9,34,0,7,0,0,0
466,Dede Westbrook,MIN,WR,28,15,0,15,10,0,0,0,0,0,0,68,0,7,0,2,0
467,C.J. Board,NYG,WR,28,6,1,6,4,0,0,0,6,0,1,51,0,6,0,0,0
468,Mike Boone,DEN,RB,26,8,0,2,2,0,0,0,35,0,4,22,0,6,0,0,0
469,Ja'Marcus Bradley,CLE,WR,25,5,0,4,4,0,0,0,0,0,0,64,0,6,0,0,0
470,Alex Erickson,CAR,WR,29,17,0,4,3,0,0,0,0,0,0,55,0,6,0,0,0
471,Luke Farrell,JAX,TE,24,15,4,11,7,0,0,0,0,0,0,56,0,6,0,1,0
472,Penny Hart,SEA,WR,25,17,0,12,7,0,0,0,0,0,0,59,0,6,0,0,0
473,Dax Milne,WAS,WR,22,13,1,14,9,0,0,0,1,0,1,83,0,6,0,1,1
474,Jason Moore,LAC,WR,26,2,1,4,3,0,0,0,0,0,0,56,0,6,0,0,0
475,Brandon Powell,LAR,,26,6,0,0,0,0,0,0,0,0,0,0,0,6,0,0,0
476,Amari Rodgers,GNB,WR,22,16,1,8,4,0,0,0,11,0,1,45,0,6,0,2,0
477,Ito Smith,DAL,RB,26,1,0,0,0,0,0,0,4,1,1,0,0,6,0,0,0
478,Trayveon Williams,CIN,RB,24,5,0,2,1,0,0,0,51,0,15,4,0,6,0,0,0
479,Jaelon Darden,TAM,WR,22,9,0,12,6,0,0,0,11,0,1,43,0,5,0,0,0
480,Will Fuller,MIA,WR,27,2,0,8,4,0,0,0,0,0,0,26,0,5,0,0,0
481,Jason Huntley,PHI,RB,23,1,0,1,0,0,0,0,51,0,13,0,0,5,0,0,0
482,Tre' McKitty,LAC,TE,22,11,4,8,6,0,0,0,0,0,0,45,0,5,0,0,0
483,Wendell Smallwood,WAS,RB,27,3,0,5,4,0,0,0,25,0,5,22,0,5,0,0,0
484,Rodney Smith,CAR,RB,25,2,0,5,5,0,0,0,0,0,0,48,0,5,0,0,0
485,Mike Thomas,CIN,WR,27,12,1,11,5,0,0,0,0,0,0,52,0,5,0,0,0
486,Charlie Woerner,SFO,TE,24,17,3,6,5,0,0,0,0,0,0,52,0,5,0,0,0
487,JJ Arcega-Whiteside,PHI,WR,25,16,2,5,2,0,0,0,0,0,0,36,0,4,0,0,0
488,Kalen Ballage,PIT,RB,26,17,0,7,2,0,0,0,36,0,12,8,0,4,0,0,0
489,Kendall Blanton,LAR,TE,26,11,2,7,4,0,0,0,0,0,0,37,0,4,0,1,0
490,Pharoh Cooper,NYG,WR,26,8,0,11,4,0,0,0,3,0,1,33,0,4,0,0,0
491,Tyler Davis,GNB,TE,24,14,0,5,4,0,0,0,0,0,0,35,0,4,0,0,0
492,Greg Dortch,ARI,WR,23,5,2,3,3,0,0,0,24,0,1,15,0,4,0,0,0
493,Darren Fells,2TM,TE,35,9,5,5,4,0,0,0,0,0,0,43,0,4,0,0,0
495,Garrett Griffin,NOR,TE,27,13,6,4,4,0,0,0,0,0,0,39,0,4,0,1,0
496,Parker Hesse,ATL,TE,26,8,1,6,5,0,0,0,0,0,0,43,0,4,0,0,0
497,Jakob Johnson,NWE,RB,27,17,6,5,4,0,0,0,0,0,0,43,0,4,0,0,0
498,D.J. Montgomery,NYJ,WR,25,3,0,6,3,0,0,0,0,0,0,36,0,4,0,0,0
499,Gunner Olszewski,NWE,WR,25,16,0,3,2,0,0,0,9,0,1,31,0,4,0,3,0
500,Curtis Samuel,WAS,WR,25,5,1,9,6,0,0,0,11,0,4,27,0,4,0,0,0
501,Willie Snead,2TM,WR,29,9,0,8,4,0,0,0,0,0,0,38,0,4,0,0,0
502,Trent Taylor,CIN,WR,27,4,0,3,2,0,0,0,0,0,0,41,0,4,0,0,0
503,Trevon Wesco,NYJ,TE,26,12,7,5,3,0,0,0,0,0,0,35,0,4,0,0,0
504,Kevin White,NOR,WR,29,6,1,5,1,0,0,0,0,0,0,38,0,4,0,0,0
505,Juwann Winfree,GNB,WR,25,7,0,13,8,0,0,0,0,0,0,58,0,4,0,2,1
506,Kenny Yeboah,NYJ,TE,23,9,0,3,2,0,0,0,0,0,0,36,0,4,0,0,0
507,Christian Blake,ATL,WR,25,16,0,9,4,0,0,0,0,0,0,25,0,3,0,0,0
508,Daniel Brown,NYJ,WR,29,12,0,2,2,0,0,0,0,0,0,29,0,3,0,0,0
509,Dominique Dafney,GNB,TE,24,10,2,4,2,0,0,0,0,0,0,34,0,3,0,0,0
510,Reggie Gilliam,BUF,RB,24,16,5,5,3,0,0,0,3,0,3,23,0,3,0,0,0
511,Chad Henne,KAN,QB,36,4,0,0,0,82,0,16,0,0,8,0,0,3,0,2,0
512,K.J. Hill,LAC,WR,24,6,0,3,3,0,0,0,0,0,0,30,0,3,0,0,0
513,Kylin Hill,GNB,RB,23,8,0,2,1,0,0,0,24,0,10,5,0,3,0,0,0
514,Cody Hollister,TEN,WR,28,3,1,7,4,0,0,0,0,0,0,33,0,3,0,0,0
515,Tommy Hudson,TEN,TE,24,5,0,6,3,0,0,0,0,0,0,31,0,3,0,0,0
516,Trenton Irwin,CIN,WR,26,7,0,5,2,0,0,0,0,0,0,34,0,3,0,0,0
517,Jake Kumerow,BUF,WR,29,15,2,6,2,0,0,0,0,0,0,28,0,3,0,0,0
518,Gabe Nabers,LAC,RB,24,10,1,3,3,0,0,0,8,0,3,17,0,3,0,0,0
519,Colby Parkinson,SEA,TE,22,14,1,8,5,0,0,0,0,0,0,33,0,3,0,0,0
520,La'Mical Perine,NYJ,RB,23,4,0,0,0,0,0,0,31,0,8,0,0,3,0,0,0
521,Kaden Smith,NYG,TE,24,9,4,3,3,0,0,0,0,0,0,33,0,3,0,0,0
522,Jeremy Sprinkle,DAL,TE,27,17,4,3,3,0,0,0,0,0,0,31,0,3,0,0,0
523,Mike Strachan,IND,WR,24,6,0,3,2,0,0,0,0,0,0,26,0,3,0,0,0
524,Dwayne Washington,NOR,RB,27,14,0,2,2,0,0,0,16,0,4,12,0,3,0,0,0
526,Cody White,PIT,WR,23,15,0,6,5,0,0,0,0,0,0,33,0,3,0,0,0
527,Seth Williams,DEN,WR,21,2,1,1,1,0,0,0,0,0,0,34,0,3,0,0,0
528,Shane Zylstra,DET,TE,25,4,0,7,3,0,0,0,0,0,0,34,0,3,0,0,0
529,Nick Bawden,NYJ,RB,25,9,1,1,1,0,0,0,0,0,0,20,0,2,0,0,0
530,C.J. Beathard,JAX,QB,28,2,0,0,0,33,0,2,2,0,1,0,0,2,0,0,0
531,Reggie Bonnafon,CAR,RB,25,4,0,2,2,0,0,0,4,0,1,12,0,2,0,0,0
532,Ian Book,NOR,QB,23,1,1,0,0,135,0,20,6,0,3,0,0,2,2,0,0
533,Cethan Carter,MIA,TE,26,16,1,2,2,0,0,0,0,0,0,16,0,2,0,0,0
534,Davion Davis,HOU,WR,25,2,1,3,1,0,0,0,0,0,0,17,0,2,0,0,0
535,Darrynton Evans,TEN,RB,23,1,0,2,2,0,0,0,7,0,2,11,0,2,0,0,0
536,Blaine Gabbert,TAM,QB,32,6,0,0,0,67,0,11,-7,0,9,0,0,2,0,0,0
537,Tyron Johnson,2TM,WR,25,10,0,5,2,0,0,0,0,0,0,16,0,2,0,0,0
538,Marcus Kemp,KAN,WR,26,16,0,5,2,0,0,0,0,0,0,24,0,2,0,0,0
539,Keith Kirkwood,CAR,WR,27,3,0,7,3,0,0,0,0,0,0,17,0,2,0,0,0
540,Patrick Laird,MIA,RB,26,6,0,3,3,0,0,0,4,0,1,17,0,2,0,0,0
541,Raheem Mostert,SFO,RB,29,1,1,0,0,0,0,0,20,0,2,0,0,2,0,0,0
542,Dazz Newsome,CHI,WR,22,3,1,5,2,0,0,0,0,0,0,23,0,2,0,0,0
543,Scottie Phillips,HOU,RB,24,3,0,3,2,0,0,0,13,0,6,9,0,2,0,0,0
544,Adam Prentice,NOR,RB,24,7,3,3,3,0,0,0,5,0,3,16,0,2,0,0,0
545,Trey Ragas,LVR,RB,25,1,0,2,2,0,0,0,9,0,1,6,0,2,0,0,0
546,Jaylen Samuels,HOU,RB,25,3,0,4,3,0,0,0,9,0,5,14,0,2,0,0,0
547,David Sills,NYG,WR,25,4,1,6,2,0,0,0,0,0,0,17,0,2,0,0,0
548,Jack Stoll,PHI,TE,23,16,5,5,4,0,0,0,0,0,0,22,0,2,0,0,0
549,Chris Streveler,ARI,QB,26,2,0,0,0,36,0,9,6,0,3,0,0,2,0,1,0
550,Tylan Wallace,BAL,WR,22,17,1,6,2,0,0,0,0,0,0,23,0,2,0,0,0
551,Derek Watt,PIT,RB,29,17,4,3,3,0,0,0,1,0,1,15,0,2,0,0,0
552,Mitchell Wilcox,CIN,TE,25,15,1,5,3,0,0,0,0,0,0,16,0,2,0,0,0
553,Cam Akers,LAR,RB,22,1,0,3,3,0,0,0,3,0,5,10,0,1,0,0,0
554,Tarik Black,NYJ,WR,23,1,0,2,1,0,0,0,0,0,0,10,0,1,0,0,0
555,David Blough,DET,QB,26,1,0,0,0,0,0,0,6,0,1,0,0,1,0,1,0
557,Miles Boykin,BAL,WR,25,8,0,1,1,0,0,0,0,0,0,6,0,1,0,0,0
558,Gary Brightwell,NYG,RB,22,13,0,1,1,0,0,0,4,0,1,6,0,1,0,0,0
559,Derek Carrier,LVR,TE,31,5,1,2,2,0,0,0,0,0,0,13,0,1,0,0,0
560,Keke Coutee,IND,WR,24,2,0,1,1,0,0,0,0,0,0,5,0,1,0,0,0
561,Damarea Crockett,DEN,RB,24,12,0,0,0,0,0,0,7,0,3,0,0,1,0,0,0
562,Frank Darby,ATL,WR,24,10,0,4,1,0,0,0,0,0,0,14,0,1,0,0,0
563,Sam Ehlinger,IND,QB,23,3,0,0,0,0,0,0,9,0,3,0,0,1,0,0,0
564,Ryan Fitzpatrick,WAS,QB,39,1,1,0,0,13,0,6,2,0,1,0,0,1,0,1,0
565,Jake Funk,LAR,RB,23,10,0,0,0,0,0,0,5,0,2,0,0,1,0,0,0
566,Marvin Hall,ATL,WR,28,2,0,1,1,0,0,0,0,0,0,10,0,1,0,0,0
567,Demetrius Harris,ARI,TE,30,14,4,6,3,0,0,0,0,0,0,10,0,1,0,0,0
568,Brycen Hopkins,LAR,TE,24,5,0,1,1,0,0,0,0,0,0,9,0,1,0,0,0
569,Buddy Howell,LAR,RB,25,10,0,0,0,0,0,0,11,0,5,0,0,1,0,0,0
570,Andy Isabella,ARI,WR,25,8,0,1,1,0,0,0,0,0,0,13,0,1,0,0,0
571,John Kelly,CLE,RB,25,4,0,0,0,0,0,0,13,0,2,0,0,1,0,0,0
572,Tommylee Lewis,MIA,WR,29,2,0,2,1,0,0,0,0,0,0,7,0,1,0,0,0
573,Hunter Long,MIA,TE,23,7,2,3,1,0,0,0,0,0,0,8,0,1,0,0,0
574,Anthony McFarland Jr.,PIT,RB,22,2,0,1,1,0,0,0,3,0,3,11,0,1,0,0,0
575,Kirk Merritt,MIA,WR,24,2,0,3,1,0,0,0,0,0,0,13,0,1,0,0,0
576,Jaydon Mickens,2TM,WR,27,11,0,3,2,0,0,0,0,0,0,10,0,1,0,1,0
577,Stanley Morgan Jr.,CIN,WR,25,17,1,4,2,0,0,0,3,0,1,11,0,1,0,0,0
578,Johnny Mundt,LAR,TE,27,6,0,1,1,0,0,0,0,0,0,9,0,1,0,0,0
579,Ryan Nall,CHI,RB,26,9,0,1,1,0,0,0,4,0,1,4,0,1,0,0,0
580,Jacques Patrick,SFO,RB,24,2,0,0,0,0,0,0,12,0,2,0,0,1,0,0,0
581,Kevin Rader,PIT,TE,26,6,1,3,2,0,0,0,0,0,0,8,0,1,0,0,0
582,Richard Rodgers,PHI,TE,29,3,0,2,2,0,0,0,0,0,0,11,0,1,0,0,0
583,Mekhi Sargent,3TM,RB,24,7,0,1,0,0,0,0,11,0,5,0,0,1,0,0,0
584,C.J. Saunders,CAR,WR,25,2,0,2,2,0,0,0,0,0,0,11,0,1,0,0,0
585,Luke Stocker,MIN,TE,33,12,0,2,2,0,0,0,0,0,0,12,0,1,0,0,0
586,Eric Tomlinson,BAL,TE,29,17,7,1,1,0,0,0,0,0,0,7,0,1,0,0,0
588,Tyrell Williams,DET,WR,29,1,1,3,2,0,0,0,0,0,0,14,0,1,0,0,0
589,Easop Winston,NOR,WR,25,3,1,1,1,0,0,0,0,0,0,5,0,1,0,0,0
590,Ethan Wolf,NOR,TE,26,2,1,2,2,0,0,0,0,0,0,8,0,1,0,0,0
591,Josh Adams,NYJ,,25,1,0,0,0,0,0,0,0,0,0,0,0,,0,0,0
592,Rodney Adams,CHI,,27,1,0,1,0,0,0,0,0,0,0,0,0,,0,0,0
593,Geronimo Allison,DET,,27,3,1,2,0,0,0,0,0,0,0,0,0,,0,0,0
594,Devin Asiasi,NWE,,24,1,0,0,0,0,0,0,0,0,0,0,0,,0,0,0
595,Marcell Ateman,LVR,,27,1,0,0,0,0,0,0,0,0,0,0,0,,0,0,0
596,Tutu Atwell,LAR,,22,8,0,0,0,0,0,0,0,0,0,0,0,,0,1,0
597,Alex Bachman,NYG,WR,25,3,0,0,0,0,0,0,-3,0,1,0,0,,0,0,0
598,Jake Bargas,MIN,,25,1,0,0,0,0,0,0,0,0,0,0,0,,0,0,0
599,Kenjon Barner,TAM,RB,32,3,0,0,0,0,0,0,0,0,4,0,0,,0,0,0
600,Andrew Beck,DEN,,25,12,0,0,0,0,0,0,0,0,0,0,0,,0,0,0
601,Nick Bellore,SEA,RB,32,17,0,1,1,0,0,0,0,0,0,4,0,,0,0,0
602,Kurt Benkert,GNB,QB,26,1,0,0,0,0,0,0,-1,0,2,0,0,,0,0,0
603,Rashod Berry,DET,,25,5,0,0,0,0,0,0,0,0,0,0,0,,0,0,0
604,Nick Boyle,BAL,TE,28,5,3,2,1,0,0,0,0,0,0,2,0,,0,0,0
605,Darius Bradwell,LAC,,24,2,0,1,0,0,0,0,0,0,0,0,0,,0,0,0
606,John Brown,3TM,,31,4,0,3,0,0,0,0,0,0,0,0,0,,0,0,0
607,Deante Burton,DAL,,27,1,0,0,0,0,0,0,0,0,0,0,0,,0,0,0
608,Lawrence Cager,CLE,,24,1,0,0,0,0,0,0,0,0,0,0,0,,0,0,0
609,Stephen Carlson,CLE,,25,2,0,0,0,0,0,0,0,0,0,0,0,,0,0,0
610,Dan Chisena,MIN,,24,11,0,0,0,0,0,0,0,0,0,0,0,,0,0,0
611,Tyrie Cleveland,DEN,,24,7,0,1,0,0,0,0,0,0,0,0,0,,0,0,0
612,Matt Cole,CAR,,25,1,0,0,0,0,0,0,0,0,0,0,0,,0,0,0
613,Nathan Cottrell,JAX,RB,25,4,0,0,0,0,0,0,3,0,1,0,0,,0,0,0
614,Isaiah Coulter,CHI,,23,3,0,1,0,0,0,0,0,0,0,0,0,,0,0,0
615,River Cracraft,SFO,,27,6,0,0,0,0,0,0,0,0,0,0,0,,0,0,0
616,Chase Daniel,LAC,QB,35,1,0,0,0,0,0,0,-2,0,2,0,0,,0,0,0
617,Darrell Daniels,ARI,TE,27,15,4,4,1,0,0,0,0,0,0,0,0,,0,0,0
619,Connor Davis,CLE,,27,1,0,0,0,0,0,0,0,0,0,0,0,,0,0,0
620,Brandon Dillon,MIN,,24,1,0,0,0,0,0,0,0,0,0,0,0,,0,0,0
621,Jeff Driskel,HOU,,28,1,0,0,0,0,0,0,0,0,0,0,0,,0,0,0
622,Trey Edmunds,PIT,,27,2,0,0,0,0,0,0,0,0,0,0,0,,0,0,0
623,Ben Ellefson,MIN,,25,5,0,1,0,0,0,0,0,0,0,0,0,,0,0,0
624,Simi Fehoko,DAL,,24,5,0,0,0,0,0,0,0,0,0,0,0,,0,0,0
625,Maurice Ffrench,LAC,WR,23,3,0,0,0,0,0,0,3,0,1,0,0,,0,0,0
626,Daurice Fountain,KAN,,26,2,0,0,0,0,0,0,0,0,0,0,0,,0,0,0
627,Travis Fulgham,DEN,,26,1,0,0,0,0,0,0,0,0,0,0,0,,0,0,0
628,Antonio Gandy-Golden,WAS,,23,4,0,0,0,0,0,0,0,0,0,0,0,,0,0,0
629,Cullen Gillaspia,NYG,,26,15,0,0,0,0,0,0,0,0,0,0,0,,0,0,0
630,Justin Hardee,NYJ,,27,16,0,0,0,0,0,0,0,0,0,0,0,,0,0,0
631,Clark Harris,CIN,,37,17,0,0,0,0,0,0,0,0,0,0,0,,0,0,0
632,De'Michael Harris,IND,,23,3,0,0,0,0,0,0,0,0,0,0,0,,0,0,0
633,Jacob Harris,LAR,,24,9,0,0,0,0,0,0,0,0,0,0,0,,0,0,0
634,Daniel Helm,LVR,TE,26,9,1,2,1,0,0,0,0,0,0,-1,0,,0,0,0
635,Temarrick Hemingway,WAS,,28,2,1,0,0,0,0,0,0,0,0,0,0,,0,0,0
636,John Hightower,PHI,,25,1,0,0,0,0,0,0,0,0,0,0,0,,0,1,0
637,Brian Hill,SFO,,26,3,0,0,0,0,0,0,0,0,0,0,0,,0,0,0
638,Kevin Hogan,TEN,,29,1,0,0,0,0,0,0,0,0,0,0,0,,0,0,0
639,J.P. Holtz,CHI,,28,13,0,0,0,0,0,0,0,0,0,0,0,,0,0,0
640,Tanner Hudson,SFO,,27,2,0,0,0,0,0,0,0,0,0,0,0,,0,0,0
641,Ryan Izzo,TEN,,26,1,0,0,0,0,0,0,0,0,0,0,0,,0,0,0
642,Kerryon Johnson,SFO,,24,1,0,0,0,0,0,0,0,0,0,0,0,,0,0,0
643,KeeSean Johnson,PHI,,25,0,0,,,,,,,,,,,,,,
644,Taiwan Jones,BUF,,33,17,0,0,0,0,0,0,0,0,0,0,0,,0,0,0
645,Matt LaCosse,NWE,,29,1,0,0,0,0,0,0,0,0,0,0,0,,0,0,0
646,Tyler Mabry,SEA,,25,6,0,0,0,0,0,0,0,0,0,0,0,,0,0,0
647,Jordan Matthews,SFO,,29,1,0,0,0,0,0,0,0,0,0,0,0,,0,0,0
648,Nate McCrary,BAL,RB,22,1,0,0,0,0,0,0,-1,0,1,0,0,,0,0,0
650,Codey McElroy,TAM,,29,2,0,1,0,0,0,0,0,0,0,0,0,,0,0,0
651,Kellen Mond,MIN,QB,22,1,0,0,0,5,0,3,0,0,0,0,0,,0,0,0
652,David Moore,2TM,,26,3,0,2,0,0,0,0,0,0,0,0,0,,0,0,0
653,Jojo Natson,CLE,,27,3,0,0,0,0,0,0,0,0,0,0,0,,0,0,0
654,Matthew Orzech,LAR,,26,17,0,0,0,0,0,0,0,0,0,0,0,,0,1,0
655,Devine Ozigbo,2TM,RB,25,3,0,1,1,0,0,0,-3,0,1,7,0,,0,0,0
656,Nathan Peterman,LVR,QB,27,1,0,0,0,0,0,0,2,0,2,0,0,,0,0,0
657,Artavis Pierce,CHI,,25,1,0,0,0,0,0,0,0,0,0,0,0,,0,0,0
658,Giovanni Ricci,CAR,,25,16,1,2,0,0,0,0,0,0,0,0,0,,0,0,0
659,Brett Rypien,DEN,QB,25,1,0,0,0,0,0,2,0,0,0,0,0,,0,0,0
660,Jordan Scarlett,MIA,,25,1,0,0,0,0,0,0,0,0,0,0,0,,0,0,0
661,Mason Schreck,CIN,,28,1,0,0,0,0,0,0,0,0,0,0,0,,0,0,0
662,Steven Sims,PIT,,24,1,0,0,0,0,0,0,0,0,0,0,0,,0,0,0
663,Matthew Slater,NWE,,36,17,0,0,0,0,0,0,0,0,0,0,0,,0,0,0
664,Devin Smith,JAX,,29,4,0,1,0,0,0,0,0,0,0,0,0,,0,0,0
665,Vyncint Smith,NYJ,,25,2,0,1,0,0,0,0,0,0,0,0,0,,0,0,0
666,Nate Solder,NYG,,33,16,16,0,0,0,0,0,0,0,0,0,0,,0,0,0
667,Stephen Sullivan,CAR,,25,3,0,1,0,0,0,0,0,0,0,0,0,,0,0,0
668,Tyrone Swoopes,WAS,,27,1,0,0,0,0,0,0,0,0,0,0,0,,0,0,0
669,Colin Thompson,CAR,,28,11,2,1,0,0,0,0,0,0,0,0,0,,0,0,0
670,Cody Thompson,SEA,,25,5,0,0,0,0,0,0,0,0,0,0,0,,0,0,0
671,Noah Togiai,PHI,,24,1,0,0,0,0,0,0,0,0,0,0,0,,0,0,0
672,Ross Travis,2TM,,28,4,1,0,0,0,0,0,0,0,0,0,0,,0,0,0
673,Jordan Veasy,HOU,,26,2,0,0,0,0,0,0,0,0,0,0,0,,0,0,0
674,Kahale Warring,2TM,,24,2,0,0,0,0,0,0,0,0,0,0,0,,0,0,0
675,Justin Watson,TAM,,25,1,0,0,0,0,0,0,0,0,0,0,0,,0,0,0
676,Davis Webb,BUF,QB,26,1,0,0,0,0,0,0,-3,0,2,0,0,,0,0,0
677,Nsimba Webster,CHI,,25,6,0,0,0,0,0,0,0,0,0,0,0,,0,1,0
678,David Wells,ARI,,26,3,1,0,0,0,0,0,0,0,0,0,0,,0,0,0
679,Jordan Wilkins,2TM,,27,5,0,0,0,0,0,0,0,0,0,0,0,,0,0,0
681,Deon Yelder,TAM,TE,26,5,0,1,1,0,0,0,0,0,0,0,0,,0,0,0
682,Khari Blasingame,TEN,RB,25,11,3,2,2,0,0,0,6,0,3,4,0,-1,0,1,1
683,Jacob Eason,IND,QB,24,1,0,0,0,25,0,5,0,0,0,0,0,-1,1,0,0
684,Feleipe Franks,ATL,QB,24,9,0,0,0,0,0,1,6,0,3,0,0,-1,1,0,0
685,Racey McMath,TEN,WR,22,9,0,6,2,0,0,0,0,0,0,8,0,-1,0,1,1
686,Malik Taylor,GNB,WR,26,10,0,3,2,0,0,0,0,0,0,14,0,-1,0,1,1
687,Logan Woodside,TEN,QB,26,5,0,0,0,0,0,0,-6,0,6,0,0,-1,0,0,0
688,Travis Benjamin,SFO,,32,10,0,5,0,0,0,0,0,0,0,0,0,-2,0,1,1
689,Trenton Cannon,2TM,RB,27,12,0,0,0,0,0,0,4,0,3,0,0,-2,0,1,1
690,John Wolford,LAR,QB,26,3,0,0,0,5,0,4,-1,0,2,0,0,-2,1,0,0
691,Josh Rosen,ATL,QB,24,4,0,0,0,19,0,11,0,0,0,0,0,-3,2,0,0
692,Diontae Spencer,DEN,WR,29,15,0,4,1,0,0,0,0,0,0,-3,0,-4,0,2,2
