,Player,Team,POS,RUSH_ATT,RUSH_YD,RUSH_TD,REC,REC_YD,REC_TD,FL,PASS_ATT,CMP,PASS_YD,PASS_TD,INTS
1,Jonathan Taylor,IND,RB,323.2,"1,614.2",13.8,42.8,364.6,1.7,2.7,0.0,0.0,0,0.0,0.0
2,Austin Ekeler,LAC,RB,221.4,949.1,9.6,74.3,684.3,5.7,2.3,0.0,0.0,0,0.0,0.0
3,Derrick Henry,TEN,RB,381.8,"1,590.4",11.6,30.4,226.9,0.4,2.6,0.0,0.0,0,0.0,0.0
4,Dalvin Cook,MIN,RB,292.4,"1,258.6",9.9,47.7,375.9,1.1,2.7,0.0,0.0,0,0.0,0.0
5,Joe Mixon,CIN,RB,278.6,"1,108.8",10.7,46.4,311.1,2.6,2.0,0.0,0.0,0,0.0,0.0
6,Alvin Kamara,NO,RB,234.8,891.7,6.5,62.4,575.2,4.5,1.9,0.0,0.0,0,0.0,0.0
7,Najee Harris,PIT,RB,294.9,"1,091.1",8.0,64.9,416.2,2.4,2.4,0.0,0.0,0,0.0,0.0
8,Christian McCaffrey,CAR,RB,214.5,906.5,5.6,87.8,695.7,2.6,2.0,0.0,0.0,0,0.0,0.0
9,James Conner,ARI,RB,226.3,871.0,10.3,44.1,361.9,2.3,2.1,0.0,0.0,0,0.0,0.0
10,Leonard Fournette,TB,RB,209.7,854.8,8.7,66.7,444.7,1.6,1.9,0.0,0.0,0,0.0,0.0
11,David Montgomery,CHI,RB,253.6,994.2,8.0,44.7,342.2,1.4,1.9,0.0,0.0,0,0.0,0.0
12,Aaron Jones,GB,RB,183.1,814.3,5.2,59.7,505.8,4.1,1.5,0.0,0.0,0,0.0,0.0
13,D'Andre Swift,DET,RB,200.9,826.8,6.6,66.3,494.2,2.8,2.2,0.0,0.0,0,0.0,0.0
14,Nick Chubb,CLE,RB,242.6,"1,179.3",6.7,24.9,217.3,1.0,2.0,0.0,0.0,0,0.0,0.0
15,Javonte Williams,DEN,RB,217.7,965.6,6.2,43.8,324.2,3.0,1.5,0.0,0.0,0,0.0,0.0
16,Cam Akers,LAR,RB,259.3,"1,066.1",6.5,38.3,319.5,1.3,3.4,0.0,0.0,0,0.0,0.0
17,Josh Jacobs,LV,RB,238.0,956.1,9.1,39.2,284.4,0.5,2.0,0.0,0.0,0,0.0,0.0
18,Antonio Gibson,WAS,RB,230.3,949.3,7.8,37.2,260.6,2.1,2.3,0.0,0.0,0,0.0,0.0
19,J.K. Dobbins,BAL,RB,184.0,913.8,9.0,33.9,249.9,0.7,1.5,0.0,0.0,0,0.0,0.0
20,Elijah Mitchell,SF,RB,278.2,"1,125.5",6.5,20.1,140.3,1.0,1.8,0.0,0.0,0,0.0,0.0
21,Breece Hall,NYJ,RB,200.1,903.7,6.0,37.8,338.6,1.7,2.0,0.0,0.0,0,0.0,0.0
22,Ezekiel Elliott,DAL,RB,208.5,844.7,8.1,37.8,250.2,1.6,1.5,0.0,0.0,0,0.0,0.0
23,Saquon Barkley,NYG,RB,220.1,828.9,5.1,55.0,394.3,2.5,2.0,0.0,0.0,0,0.0,0.0
24,Damien Harris,NE,RB,206.8,900.1,9.6,17.6,123.9,0.3,1.4,0.0,0.0,0,0.0,0.0
25,Miles Sanders,PHI,RB,214.0,"1,049.0",4.2,32.9,251.2,1.2,2.0,0.0,0.0,0,0.0,0.0
26,Devin Singletary,BUF,RB,194.6,874.0,7.0,31.3,204.2,1.0,1.7,0.0,0.0,0,0.0,0.0
27,Clyde Edwards-Helaire,KC,RB,173.8,753.3,5.3,39.3,289.1,2.3,1.4,0.0,0.0,0,0.0,0.0
28,Travis Etienne Jr.,JAC,RB,168.8,727.9,5.4,43.2,352.0,1.4,1.9,0.0,0.0,0,0.0,0.0
29,Kareem Hunt,CLE,RB,133.1,589.9,5.2,45.3,373.8,2.2,1.2,0.0,0.0,0,0.0,0.0
30,Tony Pollard,DAL,RB,156.2,759.3,3.4,44.5,351.8,1.2,1.4,0.0,0.0,0,0.0,0.0
31,Cordarrelle Patterson,ATL,RB,135.1,515.0,3.8,46.5,444.5,3.1,1.3,0.0,0.0,0,0.0,0.0
32,AJ Dillon,GB,RB,174.1,724.2,5.0,28.7,239.2,1.5,1.4,0.0,0.0,0,0.0,0.0
33,Melvin Gordon III,DEN,RB,151.2,681.0,6.8,22.6,166.2,1.1,1.8,0.0,0.0,0,0.0,0.0
34,Rhamondre Stevenson,NE,RB,172.7,717.3,5.7,25.2,196.5,0.5,1.4,0.0,0.0,0,0.0,0.0
35,Rashaad Penny,SEA,RB,158.2,787.5,4.7,17.3,132.7,0.4,1.2,0.0,0.0,0,0.0,0.0
36,Chase Edmonds,MIA,RB,127.1,592.5,2.8,53.0,369.4,1.4,1.3,0.0,0.0,0,0.0,0.0
37,James Robinson,JAC,RB,153.1,654.2,5.6,23.7,175.2,0.8,1.4,0.0,0.0,0,0.0,0.0
38,Michael Carter,NYJ,RB,135.1,608.0,3.5,36.9,332.7,0.8,1.3,0.0,0.0,0,0.0,0.0
39,Ken Walker III,SEA,RB,151.8,664.0,4.0,25.2,211.5,0.9,1.8,0.0,0.0,0,0.0,0.0
40,Dameon Pierce,HOU,RB,156.6,581.9,3.8,30.7,253.3,1.3,1.8,0.0,0.0,0,0.0,0.0
41,Gus Edwards,BAL,RB,151.6,715.0,4.0,16.2,145.1,0.3,1.3,0.0,0.0,0,0.0,0.0
42,Ronald Jones II,KC,RB,141.6,626.1,4.6,23.1,166.1,0.5,1.4,0.0,0.0,0,0.0,0.0
43,J.D. McKissic,WAS,RB,82.5,368.8,2.6,55.4,447.0,1.7,1.2,0.0,0.0,0,0.0,0.0
44,Raheem Mostert,MIA,RB,121.8,622.1,4.2,16.7,138.1,0.8,0.8,0.0,0.0,0,0.0,0.0
45,Jamaal Williams,DET,RB,149.5,596.1,3.6,25.0,148.8,0.8,1.2,0.0,0.0,0,0.0,0.0
46,Tyler Allgeier,ATL,RB,134.3,483.3,3.0,29.5,247.9,1.3,1.7,0.0,0.0,0,0.0,0.0
47,Isaiah Spiller,LAC,RB,124.2,535.8,4.0,18.0,132.4,0.8,0.6,0.0,0.0,0,0.0,0.0
48,James Cook,BUF,RB,99.0,441.6,3.3,29.9,243.4,1.4,1.3,0.0,0.0,0,0.0,0.0
49,Darrell Henderson Jr.,LAR,RB,111.6,456.9,3.6,22.3,167.0,1.7,1.1,0.0,0.0,0,0.0,0.0
50,Alexander Mattison,MIN,RB,127.7,505.8,3.3,25.0,185.0,0.9,1.2,0.0,0.0,0,0.0,0.0
51,Kenneth Gainwell,PHI,RB,84.4,352.9,4.3,28.9,227.8,1.6,1.3,0.0,0.0,0,0.0,0.0
52,Nyheim Hines,IND,RB,68.1,308.4,2.0,50.2,390.8,1.9,2.4,0.0,0.0,0,0.0,0.0
53,Marlon Mack,HOU,RB,158.3,595.8,3.7,12.1,77.0,0.2,1.2,0.0,0.0,0,0.0,0.0
54,Darrel Williams,ARI,RB,108.4,387.6,4.1,23.5,204.1,0.8,1.1,0.0,0.0,0,0.0,0.0
55,Mark Ingram II,NO,RB,138.8,480.0,3.4,20.2,138.1,0.7,1.3,0.0,0.0,0,0.0,0.0
56,Kenyan Drake,LV,RB,88.1,360.7,3.0,29.8,251.2,1.1,1.3,0.0,0.0,0,0.0,0.0
57,Brian Robinson Jr.,WAS,RB,98.6,416.6,4.3,12.0,87.9,0.5,0.4,0.0,0.0,0,0.0,0.0
58,James White,NE,RB,35.9,155.3,1.5,47.2,391.3,2.3,0.2,0.0,0.0,0,0.0,0.0
59,Damien Williams,ATL,RB,82.0,358.0,2.4,24.3,188.6,1.2,0.3,0.0,0.0,0,0.0,0.0
60,Rex Burkhead,HOU,RB,75.3,263.1,2.5,31.7,252.0,1.4,0.7,0.0,0.0,0,0.0,0.0
61,Sony Michel,MIA,RB,109.0,460.5,2.7,9.6,58.6,0.2,0.7,0.0,0.0,0,0.0,0.0
62,Ke'Shawn Vaughn,TB,RB,96.5,380.2,4.0,9.8,61.3,0.1,0.7,0.0,0.0,0,0.0,0.0
63,Khalil Herbert,CHI,RB,103.1,430.9,2.3,15.3,109.5,0.3,1.2,0.0,0.0,0,0.0,0.0
64,Brandon Bolden,LV,RB,49.0,224.0,1.0,32.0,326.0,1.0,1.0,0.0,0.0,0,0.0,0.0
65,Samaje Perine,CIN,RB,83.0,342.0,2.1,17.5,125.5,0.9,0.6,0.0,0.0,0,0.0,0.0
66,Rachaad White,TB,RB,68.8,292.9,2.3,19.3,145.2,0.8,0.4,0.0,0.0,0,0.0,0.0
67,Matt Breida,NYG,RB,85.8,355.3,1.8,14.9,113.8,1.3,1.7,0.0,0.0,0,0.0,0.0
68,Dontrell Hilliard,TEN,RB,52.9,270.4,2.0,30.4,179.8,0.4,1.2,0.0,0.0,0,0.0,0.0
69,D'Onta Foreman,CAR,RB,92.0,367.7,2.2,6.8,65.6,0.1,0.7,0.0,0.0,0,0.0,0.0
70,Ryan Nall,DAL,RB,109.0,301.0,2.0,10.0,63.0,1.0,1.0,0.0,0.0,0,0.0,0.0
71,Chuba Hubbard,CAR,RB,76.3,271.8,1.8,14.9,104.6,0.7,0.6,0.0,0.0,0,0.0,0.0
72,Duke Johnson Jr.,BUF,RB,48.2,232.4,1.8,11.0,104.6,0.6,0.5,0.0,0.0,0,0.0,0.0
73,Craig Reynolds,DET,RB,56.8,241.9,1.0,16.6,125.7,0.7,0.6,0.0,0.0,0,0.0,0.0
74,Chris Carson,SEA,RB,55.8,245.1,1.7,13.9,90.8,0.3,0.4,0.0,0.0,0,0.0,0.0
75,Boston Scott,PHI,RB,53.1,234.3,2.6,5.7,41.4,0.2,0.2,0.0,0.0,0,0.0,0.0
76,Kyle Juszczyk,SF,RB,10.4,37.1,0.7,25.7,232.2,1.7,0.1,0.0,0.0,0,0.0,0.0
77,Ty Johnson,NYJ,RB,45.8,213.1,1.1,9.3,99.9,0.6,0.5,0.0,0.0,0,0.0,0.0
78,Jaret Patterson,WAS,RB,60.2,233.0,1.6,9.4,68.4,0.1,1.0,0.0,0.0,0,0.0,0.0
79,Zamir White,LV,RB,52.5,218.9,2.0,4.2,31.1,0.2,0.2,0.0,0.0,0,0.0,0.0
80,Benny Snell Jr.,PIT,RB,54.4,211.5,1.6,4.3,29.7,0.1,0.3,0.0,0.0,0,0.0,0.0
81,Snoop Conner,JAC,RB,40.9,171.3,1.3,9.3,68.7,0.3,0.2,0.0,0.0,0,0.0,0.0
82,Joshua Kelley,LAC,RB,69.9,230.1,1.5,5.2,35.4,0.0,1.6,0.0,0.0,0,0.0,0.0
83,Gary Brightwell,NYG,RB,38.8,167.5,1.4,8.8,61.8,0.3,0.2,0.0,0.0,0,0.0,0.0
84,Chris Evans,CIN,RB,28.2,119.1,0.6,14.2,117.9,1.0,0.6,0.0,0.0,0,0.0,0.0
85,Hassan Haskins,TEN,RB,40.3,171.1,1.1,7.9,60.5,0.3,0.1,0.0,0.0,0,0.0,0.0
86,Ameer Abdullah,LV,RB,21.5,76.4,0.3,18.0,142.7,0.8,0.1,0.0,0.0,0,0.0,0.0
87,Jermar Jefferson,DET,RB,29.0,128.0,2.0,4.0,26.0,0.0,0.0,0.0,0.0,0,0.0,0.0
88,Ty'Son Williams,IND,RB,35.0,171.0,1.0,3.0,28.0,0.0,0.0,0.0,0.0,0,0.0,0.0
89,Derrick Gore,KC,RB,24.2,105.3,1.0,9.5,68.4,0.4,0.1,0.0,0.0,0,0.0,0.0
90,Giovani Bernard,TB,RB,20.2,79.7,0.7,14.5,97.2,0.7,0.1,0.0,0.0,0,0.0,0.0
91,Tevin Coleman,NYJ,RB,38.6,160.7,0.6,8.5,52.7,0.1,0.5,0.0,0.0,0,0.0,0.0
92,Isaih Pacheco,KC,RB,31.0,131.0,1.0,5.0,44.0,0.0,0.0,0.0,0.0,0,0.0,0.0
93,Phillip Lindsay,IND,RB,35.8,159.6,1.0,1.4,12.4,0.0,0.0,0.0,0.0,0,0.0,0.0
94,Mike Davis,BAL,RB,32.4,138.2,1.0,4.9,31.1,0.1,0.1,0.0,0.0,0,0.0,0.0
95,D'Ernest Johnson,CLE,RB,28.4,138.8,0.8,4.0,28.0,0.1,0.1,0.0,0.0,0,0.0,0.0
96,Jeff Wilson Jr.,SF,RB,28.6,117.6,1.1,3.3,25.7,0.2,0.2,0.0,0.0,0,0.0,0.0
97,Mike Boone,DEN,RB,20.2,113.7,1.2,3.0,22.2,0.1,0.0,0.0,0.0,0,0.0,0.0
98,Trey Sermon,SF,RB,34.0,137.0,1.0,1.0,12.0,0.0,0.0,0.0,0.0,0,0.0,0.0
99,Eno Benjamin,ARI,RB,24.9,105.5,0.8,6.4,45.8,0.2,0.1,0.0,0.0,0,0.0,0.0
100,Keaontay Ingram,ARI,RB,26.7,107.0,0.8,5.2,42.6,0.1,0.1,0.0,0.0,0,0.0,0.0
101,Tyrion Davis-Price,SF,RB,28.5,115.4,0.8,3.7,31.0,0.1,0.1,0.0,0.0,0,0.0,0.0
102,Demetric Felton Jr.,CLE,RB,7.2,27.5,0.1,9.9,100.6,1.1,0.0,0.0,0.0,0,0.0,0.0
103,Rico Dowdle,DAL,RB,24.4,99.5,0.8,5.4,40.9,0.1,0.0,0.0,0.0,0,0.0,0.0
104,Travis Homer,SEA,RB,17.7,102.1,0.6,5.5,48.3,0.0,0.0,0.0,0.0,0,0.0,0.0
105,Tony Jones Jr.,NO,RB,25.5,105.2,0.7,3.8,27.2,0.2,0.1,0.0,0.0,0,0.0,0.0
106,Antonio Williams,NYG,RB,21.9,100.3,0.8,3.6,27.4,0.1,0.0,0.0,0.0,0,0.0,0.0
107,Pierre Strong Jr.,NE,RB,23.2,96.1,0.7,4.0,31.5,0.1,0.0,0.0,0.0,0,0.0,0.0
108,Patrick Ricard,BAL,RB,1.5,2.0,0.0,13.7,96.6,1.2,0.0,0.0,0.0,0,0.0,0.0
109,Johnny Stanton,CLE,RB,10.1,41.1,0.0,8.0,54.6,1.1,0.0,0.0,0.0,0,0.0,0.0
110,Trestan Ebner,CHI,RB,21.8,88.6,0.7,2.9,23.4,0.0,0.0,0.0,0.0,0,0.0,0.0
111,Tyler Badie,BAL,RB,20.3,94.0,0.6,2.9,24.1,0.0,0.0,0.0,0.0,0,0.0,0.0
112,Myles Gaskin,MIA,RB,22.1,90.7,0.7,3.6,19.4,0.1,0.0,0.0,0.0,0,0.0,0.0
113,Darrynton Evans,CHI,RB,15.6,67.2,0.6,5.6,40.4,0.2,0.1,0.0,0.0,0,0.0,0.0
114,Jake Funk,LAR,RB,20.1,85.5,0.7,2.1,15.3,0.1,0.1,0.0,0.0,0,0.0,0.0
115,Kene Nwangwu,MIN,RB,16.6,71.7,0.6,4.4,30.9,0.2,0.1,0.0,0.0,0,0.0,0.0
116,Kevin Harris,NE,RB,19.1,78.7,0.6,3.0,24.2,0.0,0.0,0.0,0.0,0,0.0,0.0
117,Jerome Ford,CLE,RB,17.0,81.2,0.5,2.0,18.5,0.0,0.0,0.0,0.0,0,0.0,0.0
118,Deon Jackson,IND,RB,17.5,75.3,0.6,1.9,13.8,0.1,0.1,0.0,0.0,0,0.0,0.0
119,Anthony McFarland Jr.,PIT,RB,19.0,80.0,0.5,2.0,14.3,0.1,0.1,0.0,0.0,0,0.0,0.0
120,JaMycal Hasty,SF,RB,4.6,19.6,0.2,10.5,73.3,0.4,0.1,0.0,0.0,0,0.0,0.0
121,Ty Chandler,MIN,RB,18.0,72.3,0.6,2.0,19.5,0.0,0.0,0.0,0.0,0,0.0,0.0
122,Keith Smith,ATL,RB,7.7,31.9,0.2,8.0,57.1,0.3,0.1,0.0,0.0,0,0.0,0.0
123,DeeJay Dallas,SEA,RB,11.1,47.0,0.4,6.3,39.9,0.1,0.1,0.0,0.0,0,0.0,0.0
124,Jason Huntley,PHI,RB,13.2,56.6,0.5,3.4,23.7,0.1,0.1,0.0,0.0,0,0.0,0.0
125,Jeremy McNichols,ATL,RB,14.6,60.6,0.3,3.7,26.7,0.1,0.0,0.0,0.0,0,0.0,0.0
126,Godwin Igwebuike,DET,RB,12.0,52.4,0.4,3.9,28.5,0.1,0.1,0.0,0.0,0,0.0,0.0
127,JaQuan Hardy,DAL,RB,12.6,54.3,0.5,2.2,16.2,0.1,0.1,0.0,0.0,0,0.0,0.0
128,Dare Ogunbowale,HOU,RB,10.6,44.2,0.4,4.1,30.5,0.1,0.0,0.0,0.0,0,0.0,0.0
129,Kylin Hill,GB,RB,11.4,49.1,0.3,2.0,14.9,0.1,0.1,0.0,0.0,0,0.0,0.0
130,C.J. Ham,MIN,RB,0.0,0.0,0.0,8.7,63.8,0.4,0.0,0.0,0.0,0,0.0,0.0
131,Dwayne Washington,NO,RB,8.3,36.0,0.2,3.7,26.8,0.1,0.0,0.0,0.0,0,0.0,0.0
132,Ryquell Armstead,JAC,RB,10.7,45.9,0.4,1.5,11.6,0.1,0.0,0.0,0.0,0,0.0,0.0
133,Alec Ingold,MIA,RB,4.0,16.7,0.2,4.5,32.4,0.3,0.1,0.0,0.0,0,0.0,0.0
134,Jakob Johnson,LV,RB,4.0,16.6,0.2,4.4,32.8,0.3,0.1,0.0,0.0,0,0.0,0.0
135,Trenton Cannon,TEN,RB,4.5,19.0,0.1,3.8,29.2,0.1,0.0,0.0,0.0,0,0.0,0.0
136,Trey Edmunds,PIT,RB,7.4,31.7,0.2,2.1,14.3,0.1,0.0,0.0,0.0,0,0.0,0.0
137,Jason Cabinda,DET,RB,2.1,9.1,0.1,4.1,31.2,0.2,0.0,0.0,0.0,0,0.0,0.0
138,Adam Prentice,NO,RB,4.4,18.9,0.1,2.0,14.7,0.1,0.0,0.0,0.0,0,0.0,0.0
139,Michael Burton,KC,RB,7.1,30.1,0.3,0.0,0.0,0.0,0.0,0.0,0.0,0,0.0,0.0
140,Zack Moss,BUF,RB,7.5,30.6,0.3,0.0,0.0,0.0,0.0,0.0,0.0,0,0.0,0.0
141,Giovanni Ricci,CAR,RB,0.0,0.0,0.0,4.3,31.9,0.3,0.0,0.0,0.0,0,0.0,0.0
142,Reggie Gilliam,BUF,RB,0.0,0.0,0.0,4.4,32.6,0.2,0.0,0.0,0.0,0,0.0,0.0
143,Larry Rountree III,LAC,RB,4.1,17.1,0.2,2.2,15.4,0.1,0.0,0.0,0.0,0,0.0,0.0
144,Trevon Wesco,NYJ,RB,0.0,0.0,0.0,4.2,31.3,0.2,0.0,0.0,0.0,0,0.0,0.0
145,Patrick Taylor Jr.,GB,RB,3.8,16.3,0.1,2.1,14.8,0.1,0.0,0.0,0.0,0,0.0,0.0
146,Khari Blasingame,CHI,RB,0.0,0.0,0.0,4.0,29.6,0.2,0.0,0.0,0.0,0,0.0,0.0
147,Derek Watt,PIT,RB,0.0,0.0,0.0,4.4,30.8,0.2,0.0,0.0,0.0,0,0.0,0.0
148,Trayveon Williams,CIN,RB,0.0,0.0,0.0,4.0,28.2,0.2,0.0,0.0,0.0,0,0.0,0.0
149,Gabe Nabers,LAC,RB,4.3,18.5,0.2,0.0,0.0,0.0,0.0,0.0,0.0,0,0.0,0.0
150,0,0,RB,0.0,0,0.0,0.0,0,0.0,0.0,0.0,0.0,0,0.0,0.0
151,0,0,RB,0.0,0,0.0,0.0,0,0.0,0.0,0.0,0.0,0,0.0,0.0
1,Cooper Kupp,LAR,WR,4.1,20.8,0.1,124.3,"1,570.3",11.9,0.8,0.0,0.0,0,0.0,0.0
2,Deebo Samuel,SF,WR,78.4,458.9,5.6,69.9,"1,095.7",4.8,1.7,0.0,0.0,0,0.0,0.0
3,Justin Jefferson,MIN,WR,4.6,17.2,0.1,102.1,"1,516.9",8.5,0.8,0.0,0.0,0,0.0,0.0
4,Ja'Marr Chase,CIN,WR,12.3,60.5,0.3,88.2,"1,374.7",9.8,0.9,0.0,0.0,0,0.0,0.0
5,Stefon Diggs,BUF,WR,0.5,4.5,0.0,101.9,"1,291.4",8.9,0.8,0.0,0.0,0,0.0,0.0
6,Davante Adams,LV,WR,0.0,0.0,0.0,110.0,"1,364.2",7.3,0.7,0.0,0.0,0,0.0,0.0
7,Mike Evans,TB,WR,0.5,3.5,0.0,80.1,"1,120.9",10.3,0.7,0.0,0.0,0,0.0,0.0
8,CeeDee Lamb,DAL,WR,8.9,65.1,0.2,90.3,"1,209.0",7.2,0.7,0.0,0.0,0,0.0,0.0
9,Tyreek Hill,MIA,WR,9.5,69.2,0.2,98.2,"1,156.1",7.7,0.8,0.0,0.0,0,0.0,0.0
10,Tee Higgins,CIN,WR,0.5,2.0,0.0,84.7,"1,186.3",7.7,0.8,0.0,0.0,0,0.0,0.0
11,Mike Williams,LAC,WR,0.0,0.0,0.0,71.2,"1,097.4",8.6,0.6,0.0,0.0,0,0.0,0.0
12,A.J. Brown,PHI,WR,1.0,10.5,0.0,74.8,"1,131.0",7.7,0.7,0.0,0.0,0,0.0,0.0
13,Jaylen Waddle,MIA,WR,5.0,25.7,1.2,98.7,"1,055.6",7.1,1.0,0.0,0.0,0,0.0,0.0
14,Keenan Allen,LAC,WR,0.5,1.0,0.0,104.8,"1,129.3",7.0,0.8,0.0,0.0,0,0.0,0.0
15,Michael Pittman Jr.,IND,WR,4.8,36.4,0.1,89.6,"1,115.7",6.4,0.8,0.0,0.0,0,0.0,0.0
16,Chris Godwin,TB,WR,4.0,22.2,0.6,95.6,"1,111.9",6.1,1.4,0.0,0.0,0,0.0,0.0
17,Diontae Johnson,PIT,WR,4.5,33.2,0.1,98.4,"1,122.6",6.2,1.5,0.0,0.0,0,0.0,0.0
18,DJ Moore,CAR,WR,6.8,42.7,0.1,86.4,"1,172.4",4.9,0.8,0.0,0.0,0,0.0,0.0
19,DK Metcalf,SEA,WR,0.5,2.5,0.0,77.5,"1,077.5",7.2,0.8,0.0,0.0,0,0.0,0.0
20,Terry McLaurin,WAS,WR,0.5,6.0,0.0,80.3,"1,113.6",6.2,0.7,0.0,0.0,0,0.0,0.0
21,Jerry Jeudy,DEN,WR,3.0,13.7,0.1,78.0,"1,130.1",5.3,0.9,0.0,0.0,0,0.0,0.0
22,Darnell Mooney,CHI,WR,5.1,26.4,0.6,77.2,"1,090.6",5.2,0.7,0.0,0.0,0,0.0,0.0
23,Gabriel Davis,BUF,WR,0.0,0.0,0.0,54.4,873.5,9.4,0.2,0.0,0.0,0,0.0,0.0
24,Brandin Cooks,HOU,WR,3.4,24.9,0.1,91.7,"1,101.2",5.2,0.7,0.0,0.0,0,0.0,0.0
25,Amari Cooper,CLE,WR,0.5,1.5,0.0,80.1,997.3,7.2,0.8,0.0,0.0,0,0.0,0.0
26,Courtland Sutton,DEN,WR,0.5,1.5,0.0,69.6,"1,041.5",6.4,0.7,0.0,0.0,0,0.0,0.0
27,Marquise Brown,ARI,WR,0.5,2.5,0.0,81.8,"1,010.9",6.4,0.9,0.0,0.0,0,0.0,0.0
28,Elijah Moore,NYJ,WR,7.0,70.9,1.1,61.6,863.0,6.2,0.8,0.0,0.0,0,0.0,0.0
29,Allen Robinson II,LAR,WR,0.0,0.0,0.0,74.8,984.1,6.0,0.7,0.0,0.0,0,0.0,0.0
30,DeVonta Smith,PHI,WR,0.0,0.0,0.0,65.7,918.3,6.9,0.7,0.0,0.0,0,0.0,0.0
31,Adam Thielen,MIN,WR,1.0,3.0,0.0,73.2,790.9,8.7,0.8,0.0,0.0,0,0.0,0.0
32,Amon-Ra St. Brown,DET,WR,9.8,70.5,0.8,81.9,876.3,5.3,0.8,0.0,0.0,0,0.0,0.0
33,Tyler Lockett,SEA,WR,2.0,7.9,0.0,78.7,"1,007.4",4.8,0.7,0.0,0.0,0,0.0,0.0
34,Michael Thomas,NO,WR,0.5,-2.0,0.0,81.1,948.7,5.5,0.7,0.0,0.0,0,0.0,0.0
35,JuJu Smith-Schuster,KC,WR,2.5,9.5,1.0,79.7,857.4,5.9,0.8,0.0,0.0,0,0.0,0.0
36,Hunter Renfrow,LV,WR,3.0,12.6,0.1,81.8,850.9,6.8,1.0,0.0,0.0,0,0.0,0.0
37,Rashod Bateman,BAL,WR,0.0,0.0,0.0,74.1,973.8,4.7,0.8,0.0,0.0,0,0.0,0.0
38,Treylon Burks,TEN,WR,5.1,29.0,0.1,61.2,890.8,5.3,1.2,0.0,0.0,0,0.0,0.0
39,Chase Claypool,PIT,WR,13.4,74.4,0.3,62.2,890.0,3.6,0.7,0.0,0.0,0,0.0,0.0
40,Michael Gallup,DAL,WR,0.0,0.0,0.0,58.4,853.2,5.6,0.6,0.0,0.0,0,0.0,0.0
41,Allen Lazard,GB,WR,3.5,28.8,0.1,53.3,691.3,7.7,0.6,0.0,0.0,0,0.0,0.0
42,Drake London,ATL,WR,1.0,4.5,0.0,65.8,922.1,4.4,1.2,0.0,0.0,0,0.0,0.0
43,Robert Woods,TEN,WR,12.2,77.1,1.1,68.7,778.3,4.4,0.7,0.0,0.0,0,0.0,0.0
44,Garrett Wilson,NYJ,WR,2.0,12.1,0.0,58.3,888.4,4.8,1.2,0.0,0.0,0,0.0,0.0
45,Tim Patrick,DEN,WR,0.0,0.0,0.0,56.5,783.0,6.5,0.7,0.0,0.0,0,0.0,0.0
46,Russell Gage,TB,WR,0.5,2.0,0.0,74.1,827.3,5.9,1.3,0.0,0.0,0,0.0,0.0
47,Brandon Aiyuk,SF,WR,3.7,19.1,0.1,60.7,826.1,5.0,0.8,0.0,0.0,0,0.0,0.0
48,Christian Kirk,JAC,WR,1.0,9.5,0.0,78.2,892.2,4.0,0.7,0.0,0.0,0,0.0,0.0
49,Chris Olave,NO,WR,1.5,5.5,0.0,52.8,794.1,5.3,0.7,0.0,0.0,0,0.0,0.0
50,Marquez Valdes-Scantling,KC,WR,1.4,7.4,0.0,43.3,771.9,5.2,0.1,0.0,0.0,0,0.0,0.0
51,Christian Watson,GB,WR,3.0,17.8,0.1,52.0,763.9,5.5,1.2,0.0,0.0,0,0.0,0.0
52,Marvin Jones Jr.,JAC,WR,0.0,0.0,0.0,62.3,714.9,5.9,0.6,0.0,0.0,0,0.0,0.0
53,Kadarius Toney,NYG,WR,10.0,62.0,0.1,70.8,798.3,3.4,0.8,0.0,0.0,0,0.0,0.0
54,Kenny Golladay,NYG,WR,0.0,0.0,0.0,55.8,812.6,4.2,0.7,0.0,0.0,0,0.0,0.0
55,Mecole Hardman,KC,WR,10.4,71.2,0.8,54.9,694.7,4.2,1.3,0.0,0.0,0,0.0,0.0
56,DeVante Parker,NE,WR,0.0,0.0,0.0,56.1,786.9,4.4,0.7,0.0,0.0,0,0.0,0.0
57,Robbie Anderson,CAR,WR,3.8,23.2,0.1,55.5,789.8,3.6,0.3,0.0,0.0,0,0.0,0.0
58,K.J. Osborn,MIN,WR,0.5,4.5,0.0,51.5,679.6,5.8,0.6,0.0,0.0,0,0.0,0.0
59,DeAndre Hopkins,ARI,WR,0.0,1.0,0.0,58.3,694.3,5.3,0.7,0.0,0.0,0,0.0,0.0
60,Jakobi Meyers,NE,WR,0.5,4.0,0.0,74.2,776.9,3.8,0.8,0.0,0.0,0,0.0,0.0
61,Corey Davis,NYJ,WR,0.0,0.0,0.0,50.6,723.9,4.7,0.7,0.0,0.0,0,0.0,0.0
62,Tyler Boyd,CIN,WR,2.5,17.6,0.0,66.6,729.0,4.1,0.7,0.0,0.0,0,0.0,0.0
63,Jarvis Landry,NO,WR,3.6,15.9,0.5,58.3,708.6,3.9,0.8,0.0,0.0,0,0.0,0.0
64,Van Jefferson,LAR,WR,3.1,25.0,0.1,44.7,657.4,4.6,0.2,0.0,0.0,0,0.0,0.0
65,Alec Pierce,IND,WR,0.0,0.0,0.0,52.3,699.8,4.5,0.3,0.0,0.0,0,0.0,0.0
66,Skyy Moore,KC,WR,1.0,5.5,0.0,50.7,684.9,4.9,1.2,0.0,0.0,0,0.0,0.0
67,Jahan Dotson,WAS,WR,1.0,5.0,0.0,52.6,736.3,3.9,1.2,0.0,0.0,0,0.0,0.0
68,Jalen Tolbert,DAL,WR,1.0,5.5,0.0,47.3,654.6,4.5,0.6,0.0,0.0,0,0.0,0.0
69,Joshua Palmer,LAC,WR,0.0,0.0,0.0,50.8,588.8,5.0,0.4,0.0,0.0,0,0.0,0.0
70,Jameson Williams,DET,WR,1.0,5.0,0.0,46.4,656.0,4.0,1.1,0.0,0.0,0,0.0,0.0
71,DJ Chark Jr.,DET,WR,0.5,4.0,0.0,40.4,595.9,4.6,0.1,0.0,0.0,0,0.0,0.0
72,Cedrick Wilson Jr.,MIA,WR,1.5,4.0,0.0,50.8,612.1,4.5,0.8,0.0,0.0,0,0.0,0.0
73,George Pickens,PIT,WR,0.0,0.0,0.0,52.5,677.5,3.1,0.3,0.0,0.0,0,0.0,0.0
74,Velus Jones Jr.,CHI,WR,4.1,25.3,0.2,49.5,607.7,3.4,0.3,0.0,0.0,0,0.0,0.0
75,A.J. Green,ARI,WR,0.0,0.0,0.0,42.8,623.2,3.4,0.1,0.0,0.0,0,0.0,0.0
76,Rondale Moore,ARI,WR,20.8,99.4,0.4,60.8,542.6,2.8,0.9,0.0,0.0,0,0.0,0.0
77,Randall Cobb,GB,WR,2.0,7.4,0.0,41.6,504.6,5.3,0.7,0.0,0.0,0,0.0,0.0
78,Curtis Samuel,WAS,WR,16.7,89.0,0.9,45.0,483.9,3.4,0.7,0.0,0.0,0,0.0,0.0
79,Donovan Peoples-Jones,CLE,WR,0.0,0.0,0.0,38.6,632.3,3.1,0.7,0.0,0.0,0,0.0,0.0
80,Kendrick Bourne,NE,WR,11.1,91.2,0.3,41.6,495.2,3.5,0.6,0.0,0.0,0,0.0,0.0
81,Jamison Crowder,BUF,WR,0.5,2.5,0.0,52.6,535.5,4.4,0.7,0.0,0.0,0,0.0,0.0
82,Braxton Berrios,NYJ,WR,11.0,71.0,2.3,41.5,440.8,2.6,0.6,0.0,0.0,0,0.0,0.0
83,John Metchie III,HOU,WR,0.0,0.0,0.0,51.2,614.9,3.0,0.3,0.0,0.0,0,0.0,0.0
84,Nick Westbrook-Ikhine,TEN,WR,0.0,0.0,0.0,42.8,546.0,4.2,0.7,0.0,0.0,0,0.0,0.0
85,James Washington,DAL,WR,1.0,6.0,0.0,32.4,509.6,4.4,0.1,0.0,0.0,0,0.0,0.0
86,Nico Collins,HOU,WR,0.0,0.0,0.0,44.7,596.0,2.7,0.2,0.0,0.0,0,0.0,0.0
87,Sammy Watkins,GB,WR,1.5,8.8,0.0,41.1,554.4,3.0,0.7,0.0,0.0,0,0.0,0.0
88,Devin Duvernay,BAL,WR,9.7,65.0,0.4,40.1,448.4,2.9,0.4,0.0,0.0,0,0.0,0.0
89,Darius Slayton,NYG,WR,0.5,-5.0,0.0,36.0,508.3,3.2,0.6,0.0,0.0,0,0.0,0.0
90,Bryan Edwards,ATL,WR,0.0,0.0,0.0,35.3,522.6,2.8,0.1,0.0,0.0,0,0.0,0.0
91,Sterling Shepard,NYG,WR,2.5,10.0,0.0,57.7,544.0,2.4,0.6,0.0,0.0,0,0.0,0.0
92,Dee Eskridge,SEA,WR,7.9,52.3,0.3,37.7,463.9,2.6,0.3,0.0,0.0,0,0.0,0.0
93,Jauan Jennings,SF,WR,0.0,0.0,0.0,35.9,401.2,4.1,0.1,0.0,0.0,0,0.0,0.0
94,Malik Turner,SF,WR,0.0,0.0,0.0,24.0,340.0,5.0,0.0,0.0,0.0,0,0.0,0.0
95,Nelson Agholor,NE,WR,3.7,18.5,0.1,31.9,410.4,2.9,0.1,0.0,0.0,0,0.0,0.0
96,Zay Jones,JAC,WR,1.0,1.5,0.0,42.6,475.4,2.3,0.6,0.0,0.0,0,0.0,0.0
97,Marquez Callaway,NO,WR,4.4,26.9,0.2,27.9,392.0,2.9,0.0,0.0,0.0,0,0.0,0.0
98,David Bell,CLE,WR,1.0,6.0,0.0,32.3,446.1,2.7,0.6,0.0,0.0,0,0.0,0.0
99,Amari Rodgers,GB,WR,1.5,10.0,0.0,32.1,430.7,2.6,0.6,0.0,0.0,0,0.0,0.0
100,Anthony Schwartz,CLE,WR,4.3,26.4,0.2,30.8,389.5,2.5,0.3,0.0,0.0,0,0.0,0.0
101,Terrace Marshall Jr.,CAR,WR,0.0,0.0,0.0,38.6,443.9,2.1,0.3,0.0,0.0,0,0.0,0.0
102,Chris Conley,HOU,WR,0.0,0.0,0.0,32.5,431.9,1.9,0.3,0.0,0.0,0,0.0,0.0
103,Keelan Cole Sr.,LV,WR,0.0,0.5,0.0,27.2,407.7,2.2,0.0,0.0,0.0,0,0.0,0.0
104,Jalen Guyton,LAC,WR,7.8,39.2,0.2,23.8,340.5,2.3,0.1,0.0,0.0,0,0.0,0.0
105,Laviska Shenault Jr.,JAC,WR,11.4,48.1,0.1,37.7,386.5,1.5,0.6,0.0,0.0,0,0.0,0.0
106,Wan'Dale Robinson,NYG,WR,7.9,48.1,0.4,31.7,345.4,1.6,0.2,0.0,0.0,0,0.0,0.0
107,Olamide Zaccheaus,ATL,WR,0.5,1.0,0.0,29.5,375.6,2.1,0.1,0.0,0.0,0,0.0,0.0
108,Byron Pringle,CHI,WR,0.0,0.0,0.0,35.5,390.3,1.9,0.3,0.0,0.0,0,0.0,0.0
109,Noah Brown,DAL,WR,0.0,0.5,0.0,30.9,351.8,2.1,0.1,0.0,0.0,0,0.0,0.0
110,Parris Campbell,IND,WR,0.0,0.0,0.0,29.8,371.1,1.9,0.2,0.0,0.0,0,0.0,0.0
111,Tutu Atwell,LAR,WR,0.0,0.0,0.0,26.4,320.6,2.5,0.2,0.0,0.0,0,0.0,0.0
112,Isaiah McKenzie,BUF,WR,9.9,58.3,0.6,25.2,242.4,1.9,0.2,0.0,0.0,0,0.0,0.0
113,Quintez Cephus,DET,WR,0.0,0.0,0.0,19.6,265.1,2.7,0.0,0.0,0.0,0,0.0,0.0
114,Breshad Perriman,TB,WR,1.0,1.0,0.0,19.4,299.2,1.9,0.0,0.0,0.0,0,0.0,0.0
115,KJ Hamler,DEN,WR,0.0,0.0,0.0,22.7,300.0,1.9,0.2,0.0,0.0,0,0.0,0.0
116,James Proche II,BAL,WR,0.0,0.0,0.0,26.0,307.9,1.7,0.2,0.0,0.0,0,0.0,0.0
117,Damiere Byrd,ATL,WR,0.0,1.0,0.0,27.1,328.0,1.2,0.6,0.0,0.0,0,0.0,0.0
118,Tylan Wallace,BAL,WR,0.0,0.0,0.0,22.0,271.4,1.9,0.2,0.0,0.0,0,0.0,0.0
119,Demarcus Robinson,LV,WR,0.0,0.0,0.0,22.1,256.4,1.8,0.1,0.0,0.0,0,0.0,0.0
120,Romeo Doubs,GB,WR,0.0,0.0,0.0,17.6,213.4,1.9,0.1,0.0,0.0,0,0.0,0.0
121,Zach Pascal,PHI,WR,0.0,0.0,0.0,16.4,198.6,2.1,0.1,0.0,0.0,0,0.0,0.0
122,Josh Reynolds,DET,WR,0.0,0.0,0.0,15.9,219.4,1.7,0.1,0.0,0.0,0,0.0,0.0
123,Freddie Swain,SEA,WR,2.0,12.0,0.1,17.5,217.2,1.1,0.1,0.0,0.0,0,0.0,0.0
124,Tyquan Thornton,NE,WR,0.0,0.0,0.0,17.2,203.3,1.3,0.1,0.0,0.0,0,0.0,0.0
125,Calvin Austin III,PIT,WR,0.0,0.0,0.0,18.2,203.1,1.0,0.1,0.0,0.0,0,0.0,0.0
126,Ashton Dulin,IND,WR,4.7,30.1,0.2,12.7,157.4,1.0,0.1,0.0,0.0,0,0.0,0.0
127,Tyler Johnson,TB,WR,0.0,0.0,0.0,16.0,178.1,1.3,0.1,0.0,0.0,0,0.0,0.0
128,Phillip Dorsett II,HOU,WR,0.0,0.0,0.0,14.6,175.4,0.9,0.1,0.0,0.0,0,0.0,0.0
129,Bisi Johnson,MIN,WR,0.0,0.0,0.0,14.6,159.2,1.1,0.1,0.0,0.0,0,0.0,0.0
130,Laquon Treadwell,JAC,WR,0.0,0.0,0.0,14.9,164.6,1.0,0.1,0.0,0.0,0,0.0,0.0
131,Racey McMath,TEN,WR,0.0,0.0,0.0,13.2,160.1,1.0,0.1,0.0,0.0,0,0.0,0.0
132,Brandon Zylstra,CAR,WR,0.0,0.0,0.0,14.6,168.6,0.7,0.1,0.0,0.0,0,0.0,0.0
133,Dazz Newsome,CHI,WR,0.0,0.0,0.0,13.1,156.9,0.9,0.1,0.0,0.0,0,0.0,0.0
134,Danny Gray,SF,WR,0.0,0.0,0.0,11.6,135.3,0.9,0.1,0.0,0.0,0,0.0,0.0
135,Jalen Reagor,PHI,WR,9.4,51.3,0.3,5.5,68.2,0.6,0.2,0.0,0.0,0,0.0,0.0
136,Trent Sherfield,MIA,WR,0.0,0.0,0.0,10.0,118.8,0.9,0.1,0.0,0.0,0,0.0,0.0
137,Antoine Wesley,ARI,WR,0.0,0.0,0.0,9.3,113.7,0.8,0.1,0.0,0.0,0,0.0,0.0
138,Kyle Philips,TEN,WR,0.0,0.0,0.0,9.9,116.7,0.8,0.1,0.0,0.0,0,0.0,0.0
139,Equanimeous St. Brown,CHI,WR,0.0,0.0,0.0,9.0,123.1,0.5,0.1,0.0,0.0,0,0.0,0.0
140,Erik Ezukanma,MIA,WR,0.0,0.0,0.0,9.2,102.7,0.8,0.1,0.0,0.0,0,0.0,0.0
141,Kalif Raymond,DET,WR,2.1,12.7,0.1,8.0,91.7,0.6,0.1,0.0,0.0,0,0.0,0.0
142,Jamal Agnew,JAC,WR,3.9,30.0,0.2,6.9,80.7,0.4,0.1,0.0,0.0,0,0.0,0.0
143,Dyami Brown,WAS,WR,0.0,0.0,0.0,7.9,97.0,0.7,0.1,0.0,0.0,0,0.0,0.0
144,Quez Watkins,PHI,WR,0.0,0.0,0.0,7.7,95.6,0.7,0.0,0.0,0.0,0,0.0,0.0
145,Collin Johnson,NYG,WR,0.0,0.0,0.0,9.0,102.5,0.6,0.1,0.0,0.0,0,0.0,0.0
146,Simi Fehoko,DAL,WR,0.0,0.0,0.0,7.5,86.8,0.7,0.1,0.0,0.0,0,0.0,0.0
147,Ben Skowronek,LAR,WR,0.0,0.0,0.0,6.8,84.2,0.6,0.1,0.0,0.0,0,0.0,0.0
148,Juwann Winfree,GB,WR,0.0,0.0,0.0,6.5,79.1,0.6,0.1,0.0,0.0,0,0.0,0.0
149,Ihmir Smith-Marsette,MIN,WR,0.0,0.0,0.0,6.9,80.9,0.6,0.1,0.0,0.0,0,0.0,0.0
150,Tre'Quan Smith,NO,WR,0.0,0.0,0.0,6.7,73.1,0.6,0.1,0.0,0.0,0,0.0,0.0
151,Chris Moore,HOU,WR,0.0,0.0,0.0,7.8,81.3,0.3,0.1,0.0,0.0,0,0.0,0.0
152,Cody Hollister,TEN,WR,0.0,0.0,0.0,6.0,74.6,0.4,0.0,0.0,0.0,0,0.0,0.0
153,Mack Hollins,LV,WR,0.0,0.0,0.0,4.9,64.7,0.6,0.0,0.0,0.0,0,0.0,0.0
154,KhaDarel Hodge,ATL,WR,0.0,0.0,0.0,6.0,74.0,0.4,0.0,0.0,0.0,0,0.0,0.0
155,Tyron Johnson,LV,WR,0.0,0.0,0.0,5.4,67.8,0.4,0.0,0.0,0.0,0,0.0,0.0
156,Jakeem Grant Sr.,CLE,WR,2.2,12.9,0.1,4.8,58.4,0.3,0.0,0.0,0.0,0,0.0,0.0
157,DeAndre Carter,LAC,WR,0.0,0.0,0.0,5.3,60.2,0.5,0.1,0.0,0.0,0,0.0,0.0
158,Rashard Higgins,CAR,WR,0.0,0.0,0.0,6.8,72.1,0.3,0.1,0.0,0.0,0,0.0,0.0
159,Trent Taylor,CIN,WR,0.0,0.0,0.0,4.9,57.0,0.5,0.0,0.0,0.0,0,0.0,0.0
160,Kendall Hinton,DEN,WR,0.0,0.0,0.0,5.1,56.6,0.5,0.0,0.0,0.0,0,0.0,0.0
161,Mike Thomas,CIN,WR,0.0,0.0,0.0,4.9,59.0,0.4,0.0,0.0,0.0,0,0.0,0.0
162,Khalil Shakir,BUF,WR,2.0,12.1,0.1,3.7,42.5,0.4,0.0,0.0,0.0,0,0.0,0.0
163,Denzel Mims,NYJ,WR,0.0,0.0,0.0,4.3,58.6,0.4,0.0,0.0,0.0,0,0.0,0.0
164,Mike Strachan,IND,WR,0.0,0.0,0.0,4.8,54.7,0.4,0.0,0.0,0.0,0,0.0,0.0
165,Deonte Harty,NO,WR,0.0,0.0,0.0,4.8,60.1,0.3,0.0,0.0,0.0,0,0.0,0.0
166,Marquise Goodwin,SEA,WR,0.0,0.0,0.0,4.3,59.5,0.3,0.0,0.0,0.0,0,0.0,0.0
167,Miles Boykin,PIT,WR,0.0,0.0,0.0,4.7,55.5,0.3,0.0,0.0,0.0,0,0.0,0.0
168,Ray-Ray McCloud,SF,WR,0.0,0.0,0.0,5.7,55.2,0.3,0.0,0.0,0.0,0,0.0,0.0
169,Josh Gordon,KC,WR,0.0,0.0,0.0,3.4,47.8,0.4,0.0,0.0,0.0,0,0.0,0.0
170,Jaelon Darden,TB,WR,0.0,0.0,0.0,3.7,44.9,0.4,0.0,0.0,0.0,0,0.0,0.0
171,Cyril Grayson Jr.,TB,WR,0.0,0.0,0.0,3.7,46.7,0.3,0.0,0.0,0.0,0,0.0,0.0
172,Marquez Stevenson,BUF,WR,0.0,0.0,0.0,3.5,39.9,0.4,0.0,0.0,0.0,0,0.0,0.0
173,Brandon Powell,LAR,WR,0.0,0.0,0.0,3.6,40.7,0.3,0.0,0.0,0.0,0,0.0,0.0
174,Jalen Nailor,MIN,WR,0.0,0.0,0.0,3.4,39.6,0.3,0.0,0.0,0.0,0,0.0,0.0
175,Stanley Morgan Jr.,CIN,WR,0.0,0.0,0.0,3.1,39.1,0.3,0.0,0.0,0.0,0,0.0,0.0
176,Andy Isabella,ARI,WR,0.0,0.0,0.0,3.2,40.2,0.3,0.0,0.0,0.0,0,0.0,0.0
177,Cam Sims,WAS,WR,0.0,0.0,0.0,3.1,38.8,0.3,0.0,0.0,0.0,0,0.0,0.0
178,Shi Smith,CAR,WR,0.0,0.0,0.0,3.4,38.6,0.2,0.0,0.0,0.0,0,0.0,0.0
179,Auden Tate,ATL,WR,0.0,0.0,0.0,2.7,33.7,0.2,0.0,0.0,0.0,0,0.0,0.0
180,Tajae Sharpe,CHI,WR,0.0,0.0,0.0,3.0,33.9,0.2,0.0,0.0,0.0,0,0.0,0.0
181,Preston Williams,MIA,WR,0.0,0.0,0.0,1.5,19.3,0.2,0.0,0.0,0.0,0,0.0,0.0
182,Jason Moore Jr.,LAC,WR,0.0,0.0,0.0,1.7,21.0,0.2,0.0,0.0,0.0,0,0.0,0.0
183,Seth Williams,DEN,WR,0.0,0.0,0.0,1.7,19.4,0.2,0.0,0.0,0.0,0,0.0,0.0
184,Dax Milne,WAS,WR,0.0,0.0,0.0,1.6,17.8,0.1,0.0,0.0,0.0,0,0.0,0.0
185,Bo Melton,SEA,WR,0.0,0.0,0.0,1.7,18.7,0.1,0.0,0.0,0.0,0,0.0,0.0
186,Dezmon Patmon,IND,WR,0.0,0.0,0.0,1.5,18.0,0.1,0.0,0.0,0.0,0,0.0,0.0
187,Jeff Smith,NYJ,WR,0.0,0.0,0.0,1.5,18.0,0.1,0.0,0.0,0.0,0,0.0,0.0
188,Ty Montgomery,NE,WR,0.0,0.0,0.0,1.7,17.7,0.1,0.0,0.0,0.0,0,0.0,0.0
189,Greg Ward,PHI,WR,0.0,0.0,0.0,1.5,12.9,0.2,0.0,0.0,0.0,0,0.0,0.0
190,0,0,WR,0.0,0,0.0,0.0,0,0.0,0.0,0.0,0.0,0,0.0,0.0
191,0,0,WR,0.0,0,0.0,0.0,0,0.0,0.0,0.0,0.0,0,0.0,0.0
1,Josh Allen,BUF,QB,119.0,699.2,6.4,0.0,0,0.0,3.8,598.0,381.0,"4,342.7",34.7,15.8
2,Patrick Mahomes II,KC,QB,66.3,374.1,3.1,0.0,0,0.0,3.6,638.2,420.5,"4,727.0",34.5,13.0
3,Justin Herbert,LAC,QB,61.8,281.7,3.2,0.0,0,0.0,2.0,628.1,416.5,"4,619.9",34.0,14.2
4,Jalen Hurts,PHI,QB,143.5,760.6,8.3,0.0,0,0.0,3.4,482.2,295.9,"3,490.8",24.7,13.3
5,Lamar Jackson,BAL,QB,166.1,947.0,4.0,0.0,0,0.0,4.4,524.1,340.7,"3,705.2",24.2,13.9
6,Tom Brady,TB,QB,29.1,49.9,2.1,0.0,0,0.0,3.2,672.9,445.1,"4,749.0",34.2,12.8
7,Kyler Murray,ARI,QB,98.0,467.1,4.5,0.0,0,0.0,3.0,568.7,384.9,"4,150.1",26.3,14.0
8,Dak Prescott,DAL,QB,53.5,189.1,2.6,0.0,0,0.0,5.5,619.2,414.3,"4,600.9",32.6,12.7
9,Aaron Rodgers,GB,QB,36.3,126.5,2.1,0.0,0,0.0,2.1,563.0,377.3,"4,254.9",34.4,8.0
10,Russell Wilson,DEN,QB,63.2,290.3,2.2,0.0,0,0.0,3.1,560.6,362.6,"4,188.6",29.5,9.9
11,Matthew Stafford,LAR,QB,38.6,81.2,1.8,0.0,0,0.0,2.7,585.0,396.3,"4,600.6",32.5,15.9
12,Joe Burrow,CIN,QB,46.9,159.8,2.4,0.0,0,0.0,2.3,560.7,375.7,"4,368.1",30.2,14.0
13,Trey Lance,SF,QB,110.6,495.4,4.1,0.0,0,0.0,2.0,482.3,302.8,"3,757.9",23.8,14.8
14,Kirk Cousins,MIN,QB,29.4,102.1,1.1,0.0,0,0.0,3.9,574.4,376.0,"4,258.5",30.2,10.9
15,Tua Tagovailoa,MIA,QB,52.5,180.3,3.6,0.0,0,0.0,2.7,583.6,387.0,"4,059.8",26.0,15.3
16,Derek Carr,LV,QB,34.1,106.1,1.0,0.0,0,0.0,4.9,614.4,415.6,"4,605.1",26.6,14.6
17,Deshaun Watson,CLE,QB,82.8,440.1,5.1,0.0,0,0.0,2.8,417.9,273.5,"3,169.8",21.2,10.4
18,Trevor Lawrence,JAC,QB,71.8,326.1,2.1,0.0,0,0.0,4.1,592.7,376.0,"3,963.0",22.1,14.9
19,Zach Wilson,NYJ,QB,43.7,262.6,2.8,0.0,0,0.0,2.4,581.2,348.7,"3,847.5",23.6,18.7
20,Justin Fields,CHI,QB,100.0,540.9,2.8,0.0,0,0.0,6.7,521.0,326.3,"3,621.3",19.9,18.2
21,Ryan Tannehill,TEN,QB,52.9,246.6,3.8,0.0,0,0.0,3.5,498.5,330.7,"3,547.7",23.7,15.4
22,Jameis Winston,NO,QB,70.8,320.2,1.9,0.0,0,0.0,3.6,490.0,307.3,"3,424.3",25.3,13.2
23,Matt Ryan,IND,QB,44.5,136.9,1.8,0.0,0,0.0,4.5,516.8,333.1,"3,691.8",26.0,11.7
24,Carson Wentz,WAS,QB,57.0,204.7,1.4,0.0,0,0.0,4.7,537.4,347.5,"3,716.1",24.1,12.5
25,Daniel Jones,NYG,QB,84.9,431.0,2.4,0.0,0,0.0,5.6,547.8,337.2,"3,553.7",19.1,18.3
26,Jared Goff,DET,QB,27.2,84.6,1.1,0.0,0,0.0,5.1,563.1,371.9,"3,778.2",24.4,13.0
27,Mac Jones,NE,QB,34.4,110.4,0.2,0.0,0,0.0,2.3,519.9,342.6,"3,739.5",23.7,16.7
28,Davis Mills,HOU,QB,29.3,91.8,0.5,0.0,0,0.0,3.0,561.6,364.7,"3,883.2",20.6,16.6
29,Marcus Mariota,ATL,QB,38.9,213.6,1.2,0.0,0,0.0,1.1,428.8,273.5,"2,932.7",15.2,14.8
30,Sam Darnold,CAR,QB,45.8,194.7,2.5,0.0,0,0.0,3.9,453.6,276.6,"2,870.8",13.7,17.7
31,Mitchell Trubisky,PIT,QB,28.2,88.0,1.0,0.0,0,0.0,1.5,383.9,244.7,"2,392.9",14.4,7.7
32,Geno Smith,SEA,QB,21.1,83.3,0.9,0.0,0,0.0,2.0,275.5,171.5,"1,924.8",11.2,7.1
33,Drew Lock,SEA,QB,24.2,103.0,1.5,0.0,0,0.0,2.0,259.2,164.0,"1,847.4",9.3,6.7
34,Kenny Pickett,PIT,QB,20.2,74.1,0.5,0.0,0,0.0,1.8,282.6,171.5,"1,774.2",9.9,6.5
35,Desmond Ridder,ATL,QB,20.7,91.0,0.6,0.0,0,0.0,1.0,141.1,86.7,954.5,5.3,4.0
36,Matt Corral,CAR,QB,14.9,65.7,0.6,0.0,0,0.0,1.1,151.6,92.4,"1,020.7",4.9,4.2
37,Jacoby Brissett,CLE,QB,12.5,45.3,0.6,0.0,0,0.0,1.4,111.9,71.4,767.1,5.3,2.5
38,Teddy Bridgewater,MIA,QB,6.0,22.1,0.2,0.0,0,0.0,0.2,47.0,31.1,334.8,2.1,1.1
39,Taysom Hill,NO,QB,29.0,132.0,2.0,0.0,0,0.0,2.0,5.0,3.0,34.0,0.0,0.0
40,Tyler Huntley,BAL,QB,11.6,61.8,0.4,0.0,0,0.0,0.2,34.4,22.4,230.4,1.5,1.0
41,Gardner Minshew II,PHI,QB,7.1,35.3,0.1,0.0,0,0.0,0.2,39.7,25.0,286.9,2.0,1.0
42,Tyrod Taylor,NYG,QB,6.8,33.1,0.3,0.0,0,0.0,0.3,43.8,26.6,291.7,1.7,1.4
43,Andy Dalton,NO,QB,4.8,18.4,0.1,0.0,0,0.0,0.2,38.1,24.6,261.9,1.9,1.4
44,Case Keenum,BUF,QB,1.5,7.2,0.0,0.0,0,0.0,0.1,30.2,19.3,217.9,2.0,0.9
45,Chad Henne,KC,QB,2.8,5.6,0.1,0.0,0,0.0,0.2,32.1,20.4,223.7,1.5,0.9
46,Brett Rypien,DEN,QB,1.4,5.2,0.1,0.0,0,0.0,0.2,33.5,19.8,221.3,1.6,1.3
47,Cooper Rush,DAL,QB,3.3,4.5,0.0,0.0,0,0.0,0.1,30.6,18.7,213.5,1.5,0.9
48,Jordan Love,GB,QB,2.9,12.3,0.0,0.0,0,0.0,0.2,27.9,16.5,183.8,1.5,0.7
49,Brandon Allen,CIN,QB,2.7,9.9,0.0,0.0,0,0.0,0.1,28.7,18.3,205.7,1.3,0.9
50,Chase Daniel,LAC,QB,2.7,8.0,0.0,0.0,0,0.0,0.1,30.7,19.0,206.6,1.4,1.1
51,John Wolford,LAR,QB,2.7,11.1,0.0,0.0,0,0.0,0.1,28.5,17.6,195.2,1.3,1.1
52,Colt McCoy,ARI,QB,2.5,10.0,0.0,0.0,0,0.0,0.2,28.5,18.9,200.6,1.2,0.9
53,Nick Foles,IND,QB,2.8,12.8,0.0,0.0,0,0.0,0.1,26.4,16.8,184.2,1.2,0.4
54,Josh Johnson,DEN,QB,4.0,18.0,0.0,0.0,0,0.0,0.0,24.0,16.0,174.0,1.0,0.0
55,Nick Mullens,LV,QB,2.2,2.8,0.0,0.0,0,0.0,0.6,30.8,20.7,229.9,1.3,1.1
56,Kyle Trask,TB,QB,1.3,4.8,0.0,0.0,0,0.0,0.1,28.6,17.4,181.3,1.4,0.6
57,Joe Flacco,NYJ,QB,2.4,11.3,0.0,0.0,0,0.0,0.6,30.1,18.7,206.5,1.3,0.8
58,Malik Willis,TEN,QB,2.6,12.1,0.1,0.0,0,0.0,0.1,27.5,17.2,188.0,1.1,0.9
59,C.J. Beathard,JAC,QB,2.8,11.2,0.0,0.0,0,0.0,0.7,28.9,17.8,195.3,1.2,0.4
60,Tim Boyle,DET,QB,2.6,10.0,0.0,0.0,0,0.0,0.1,28.4,17.5,181.2,1.2,1.1
61,Trevor Siemian,CHI,QB,2.0,8.9,0.0,0.0,0,0.0,0.1,28.2,17.3,189.7,1.1,0.8
62,Nate Sudfeld,SF,QB,1.2,4.7,0.1,0.0,0,0.0,0.2,28.1,17.3,189.1,1.2,1.0
63,Jarrett Stidham,LV,QB,4.0,6.0,0.0,0.0,0,0.0,0.0,26.0,18.0,202.0,1.0,1.0
64,Mason Rudolph,PIT,QB,4.0,13.0,0.0,0.0,0,0.0,0.0,27.0,17.0,158.0,1.0,0.0
65,Jimmy Garoppolo,SF,QB,5.0,19.0,0.0,0.0,0,0.0,0.0,20.0,14.0,168.0,1.0,1.0
66,Brian Hoyer,NE,QB,3.1,3.4,0.0,0.0,0,0.0,0.1,26.4,17.1,185.9,1.2,1.1
67,Kellen Mond,MIN,QB,1.2,5.0,0.0,0.0,0,0.0,0.1,26.2,15.4,158.1,1.2,0.6
68,Taylor Heinicke,WAS,QB,3.4,13.9,0.0,0.0,0,0.0,0.1,23.0,14.9,157.3,1.0,0.9
69,Kyle Allen,HOU,QB,1.7,6.5,0.0,0.0,0,0.0,0.7,28.5,18.0,196.2,1.1,0.9
70,Sean Mannion,MIN,QB,5.0,18.0,0.0,0.0,0,0.0,0.0,24.0,13.0,150.0,1.0,1.0
71,Mike White,NYJ,QB,4.0,4.0,0.0,0.0,0,0.0,0.0,25.0,14.0,158.0,1.0,1.0
72,Nathan Peterman,CHI,QB,5.0,18.0,0.0,0.0,0,0.0,0.0,16.0,9.0,94.0,1.0,1.0
73,Sam Howell,WAS,QB,0.4,2.0,0.0,0.0,0,0.0,0.1,7.8,4.7,51.4,0.3,0.2
74,Joshua Dobbs,CLE,QB,0.1,0.6,0.0,0.0,0,0.0,0.0,3.2,2.0,21.5,0.2,0.1
75,0,0,QB,0.0,0,0.0,0.0,0,0.0,0.0,0.0,0.0,0,0.0,0.0
76,0,0,QB,0.0,0,0.0,0.0,0,0.0,0.0,0.0,0.0,0,0.0,0.0
1,Travis Kelce,KC,TE,0.0,0,0.0,104.3,"1,228.0",8.8,0.8,0.0,0.0,0,0.0,0.0
2,Mark Andrews,BAL,TE,0.0,0,0.0,89.5,"1,114.7",9.2,0.8,0.0,0.0,0,0.0,0.0
3,Darren Waller,LV,TE,0.0,0,0.0,81.7,997.9,4.9,0.7,0.0,0.0,0,0.0,0.0
4,George Kittle,SF,TE,0.0,0,0.0,74.4,940.8,5.0,0.8,0.0,0.0,0,0.0,0.0
5,Kyle Pitts,ATL,TE,0.0,0,0.0,70.4,978.1,3.8,0.7,0.0,0.0,0,0.0,0.0
6,Dalton Schultz,DAL,TE,0.0,0,0.0,77.0,758.6,6.1,0.7,0.0,0.0,0,0.0,0.0
7,Dallas Goedert,PHI,TE,0.0,0,0.0,61.2,799.0,5.0,0.7,0.0,0.0,0,0.0,0.0
8,T.J. Hockenson,DET,TE,0.0,0,0.0,66.4,678.3,5.6,0.7,0.0,0.0,0,0.0,0.0
9,Mike Gesicki,MIA,TE,0.0,0,0.0,64.9,736.3,4.3,0.6,0.0,0.0,0,0.0,0.0
10,Zach Ertz,ARI,TE,0.0,0,0.0,64.1,662.7,5.3,0.6,0.0,0.0,0,0.0,0.0
11,David Njoku,CLE,TE,0.0,0,0.0,47.4,607.5,5.5,0.1,0.0,0.0,0,0.0,0.0
12,Dawson Knox,BUF,TE,0.0,0,0.0,44.1,539.3,6.3,0.1,0.0,0.0,0,0.0,0.0
13,Hunter Henry,NE,TE,0.0,0,0.0,48.7,535.6,6.0,0.1,0.0,0.0,0,0.0,0.0
14,Noah Fant,SEA,TE,0.0,0,0.0,60.9,639.7,4.0,0.6,0.0,0.0,0,0.0,0.0
15,Pat Freiermuth,PIT,TE,0.0,0,0.0,63.5,540.4,5.6,0.7,0.0,0.0,0,0.0,0.0
16,Logan Thomas,WAS,TE,0.0,0,0.0,49.7,528.6,5.5,0.6,0.0,0.0,0,0.0,0.0
17,Gerald Everett,LAC,TE,0.0,0,0.0,59.0,584.8,4.7,1.3,0.0,0.0,0,0.0,0.0
18,Cole Kmet,CHI,TE,0.0,0,0.0,59.8,649.7,3.4,0.7,0.0,0.0,0,0.0,0.0
19,Tyler Higbee,LAR,TE,0.0,0,0.0,58.7,577.1,4.3,0.7,0.0,0.0,0,0.0,0.0
20,Robert Tonyan,GB,TE,0.0,0,0.0,47.0,512.3,5.0,0.1,0.0,0.0,0,0.0,0.0
21,Irv Smith Jr.,MIN,TE,0.0,0,0.0,49.9,504.0,4.9,0.2,0.0,0.0,0,0.0,0.0
22,Albert Okwuegbunam,DEN,TE,0.0,0,0.0,49.7,510.8,4.9,0.7,0.0,0.0,0,0.0,0.0
23,Austin Hooper,TEN,TE,0.0,0,0.0,54.5,503.6,5.0,0.6,0.0,0.0,0,0.0,0.0
24,Evan Engram,JAC,TE,0.0,0,0.0,53.4,562.6,3.3,0.7,0.0,0.0,0,0.0,0.0
25,Hayden Hurst,CIN,TE,0.0,0,0.0,42.3,430.9,4.3,0.7,0.0,0.0,0,0.0,0.0
26,C.J. Uzomah,NYJ,TE,0.0,0,0.0,46.8,444.9,3.3,0.1,0.0,0.0,0,0.0,0.0
27,Mo Alie-Cox,IND,TE,0.0,0,0.0,31.1,396.7,4.0,0.1,0.0,0.0,0,0.0,0.0
28,Brevin Jordan,HOU,TE,0.0,0,0.0,43.0,428.2,3.5,0.2,0.0,0.0,0,0.0,0.0
29,Cameron Brate,TB,TE,0.0,0,0.0,37.7,355.8,3.7,0.2,0.0,0.0,0,0.0,0.0
30,Adam Trautman,NO,TE,0.0,0,0.0,35.2,356.5,3.1,0.6,0.0,0.0,0,0.0,0.0
31,Harrison Bryant,CLE,TE,0.0,0,0.0,27.7,304.1,3.8,0.1,0.0,0.0,0,0.0,0.0
32,Foster Moreau,LV,TE,0.0,0,0.0,22.8,277.2,3.2,0.1,0.0,0.0,0,0.0,0.0
33,Dan Arnold,JAC,TE,0.0,0,0.0,30.0,354.4,1.7,0.7,0.0,0.0,0,0.0,0.0
34,Paul Quessenberry,HOU,TE,0.0,0,0.0,35.0,335.0,2.0,1.0,0.0,0.0,0,0.0,0.0
35,Geoff Swaim,TEN,TE,0.0,0,0.0,29.7,244.9,2.9,0.1,0.0,0.0,0,0.0,0.0
36,Jonnu Smith,NE,TE,0.0,0,0.0,28.1,298.1,2.0,0.1,0.0,0.0,0,0.0,0.0
37,Tyler Conklin,NYJ,TE,0.0,0,0.0,30.3,315.5,1.6,0.1,0.0,0.0,0,0.0,0.0
38,O.J. Howard,BUF,TE,0.0,0,0.0,25.3,282.3,2.0,0.1,0.0,0.0,0,0.0,0.0
39,James O'Shaughnessy,CHI,TE,0.0,0,0.0,29.1,315.3,1.4,0.1,0.0,0.0,0,0.0,0.0
40,Donald Parham Jr.,LAC,TE,0.0,0,0.0,22.0,224.5,2.8,0.1,0.0,0.0,0,0.0,0.0
41,Jeremiah Hall,NYG,TE,0.0,0,0.0,34.0,288.0,2.0,1.0,0.0,0.0,0,0.0,0.0
42,Ricky Seals-Jones,NYG,TE,0.0,0,0.0,25.7,244.1,2.2,0.1,0.0,0.0,0,0.0,0.0
43,Tommy Tremble,CAR,TE,0.0,0,0.0,27.8,279.2,1.6,0.1,0.0,0.0,0,0.0,0.0
44,John Bates,WAS,TE,0.0,0,0.0,24.7,294.9,1.1,0.1,0.0,0.0,0,0.0,0.0
45,Cade Otton,TB,TE,0.0,0,0.0,22.3,234.9,1.9,0.1,0.0,0.0,0,0.0,0.0
46,Kendall Blanton,LAR,TE,0.0,0,0.0,22.4,238.6,1.9,0.5,0.0,0.0,0,0.0,0.0
47,Jordan Akins,NYG,TE,0.0,0,0.0,27.4,254.3,1.4,0.6,0.0,0.0,0,0.0,0.0
48,Maxx Williams,ARI,TE,0.0,0,0.0,22.3,242.3,1.3,0.0,0.0,0.0,0,0.0,0.0
49,Will Dissly,SEA,TE,0.0,0,0.0,21.8,228.6,1.5,0.1,0.0,0.0,0,0.0,0.0
50,Anthony Firkser,ATL,TE,0.0,0,0.0,26.9,243.6,1.4,0.6,0.0,0.0,0,0.0,0.0
51,Pharaoh Brown,HOU,TE,0.0,0,0.0,26.7,228.7,1.0,0.6,0.0,0.0,0,0.0,0.0
52,Ian Thomas,CAR,TE,0.0,0,0.0,21.8,208.4,0.9,0.1,0.0,0.0,0,0.0,0.0
53,Brock Wright,DET,TE,0.0,0,0.0,16.3,153.7,1.8,0.0,0.0,0.0,0,0.0,0.0
54,Kylen Granson,IND,TE,0.0,0,0.0,16.0,164.4,1.5,0.1,0.0,0.0,0,0.0,0.0
55,Marcedes Lewis,GB,TE,0.0,0,0.0,18.6,171.8,1.4,0.5,0.0,0.0,0,0.0,0.0
56,Nick Boyle,BAL,TE,0.0,0,0.0,15.2,139.9,1.5,0.0,0.0,0.0,0,0.0,0.0
57,Josiah Deguara,GB,TE,0.0,0,0.0,13.8,143.4,1.3,0.1,0.0,0.0,0,0.0,0.0
58,Durham Smythe,MIA,TE,0.0,0,0.0,16.2,164.4,0.7,0.0,0.0,0.0,0,0.0,0.0
59,Trey McBride,ARI,TE,0.0,0,0.0,24.9,156.2,1.0,0.5,0.0,0.0,0,0.0,0.0
60,Ko Kieft,TB,TE,0.0,0,0.0,13.4,138.0,1.1,0.0,0.0,0.0,0,0.0,0.0
61,Brycen Hopkins,LAR,TE,0.0,0,0.0,12.0,138.0,1.0,0.0,0.0,0.0,0,0.0,0.0
62,Daniel Bellinger,NYG,TE,0.0,0,0.0,13.9,141.2,1.0,0.1,0.0,0.0,0,0.0,0.0
63,Matt Bushman,KC,TE,0.0,0,0.0,14.0,136.0,1.0,0.0,0.0,0.0,0,0.0,0.0
64,Ryan Griffin,CHI,TE,0.0,0,0.0,12.2,124.5,1.2,0.0,0.0,0.0,0,0.0,0.0
65,Kyle Markway,LAR,TE,0.0,0,0.0,12.0,133.0,1.0,0.0,0.0,0.0,0,0.0,0.0
66,Kenny Yeboah,NYJ,TE,0.0,0,0.0,11.0,129.0,1.0,0.0,0.0,0.0,0,0.0,0.0
67,Nick Eubanks,CIN,TE,0.0,0,0.0,12.0,127.0,1.0,0.0,0.0,0.0,0,0.0,0.0
68,Stephen Anderson,ARI,TE,0.0,0,0.0,12.0,124.0,1.0,0.0,0.0,0.0,0,0.0,0.0
69,Eli Wolf,GB,TE,0.0,0,0.0,12.0,123.0,1.0,0.0,0.0,0.0,0,0.0,0.0
70,Alize Mack,GB,TE,0.0,0,0.0,12.0,123.0,1.0,0.0,0.0,0.0,0,0.0,0.0
71,Greg Dulcich,DEN,TE,0.0,0,0.0,11.8,119.2,1.1,0.0,0.0,0.0,0,0.0,0.0
72,Nick Muse,MIN,TE,0.0,0,0.0,12.0,122.0,1.0,0.0,0.0,0.0,0,0.0,0.0
73,Chris Manhertz,JAC,TE,0.0,0,0.0,9.8,105.0,1.3,0.0,0.0,0.0,0,0.0,0.0
74,Jelani Woods,IND,TE,0.0,0,0.0,11.3,116.1,1.1,0.0,0.0,0.0,0,0.0,0.0
75,Tyler Kroft,SF,TE,0.0,0,0.0,11.0,125.0,0.8,0.0,0.0,0.0,0,0.0,0.0
76,Noah Gray,KC,TE,0.0,0,0.0,10.6,102.4,1.2,0.1,0.0,0.0,0,0.0,0.0
77,Blake Bell,KC,TE,0.0,0,0.0,13.3,117.1,0.9,0.0,0.0,0.0,0,0.0,0.0
78,James Mitchell,DET,TE,0.0,0,0.0,12.0,106.0,1.0,0.0,0.0,0.0,0,0.0,0.0
79,Charlie Woerner,SF,TE,0.0,0,0.0,10.0,102.0,1.0,0.0,0.0,0.0,0,0.0,0.0
80,Connor Heyward,PIT,TE,0.0,0,0.0,11.5,115.9,0.7,0.1,0.0,0.0,0,0.0,0.0
81,Tyree Jackson,PHI,TE,0.0,0,0.0,9.5,98.0,1.0,0.1,0.0,0.0,0,0.0,0.0
82,Jake Ferguson,DAL,TE,0.0,0,0.0,10.1,100.0,0.8,0.0,0.0,0.0,0,0.0,0.0
83,Jody Fortson,KC,TE,0.0,0,0.0,8.2,93.2,0.9,0.0,0.0,0.0,0,0.0,0.0
84,Jacob Harris,LAR,TE,0.0,0,0.0,9.0,97.4,0.8,0.0,0.0,0.0,0,0.0,0.0
85,Nick Vannett,NO,TE,0.0,0,0.0,8.0,93.8,0.8,0.0,0.0,0.0,0,0.0,0.0
86,Drew Sample,CIN,TE,0.0,0,0.0,10.0,89.0,0.8,0.0,0.0,0.0,0,0.0,0.0
87,Luke Farrell,JAC,TE,0.0,0,0.0,9.8,91.2,0.8,0.0,0.0,0.0,0,0.0,0.0
88,Ben Ellefson,MIN,TE,0.0,0,0.0,7.8,81.7,0.8,0.0,0.0,0.0,0,0.0,0.0
89,Sean McKeon,DAL,TE,0.0,0,0.0,8.3,84.4,0.8,0.1,0.0,0.0,0,0.0,0.0
90,Tre' McKitty,LAC,TE,0.0,0,0.0,8.3,84.1,0.8,0.1,0.0,0.0,0,0.0,0.0
91,Juwan Johnson,NO,TE,0.0,0,0.0,5.3,60.1,1.1,0.0,0.0,0.0,0,0.0,0.0
92,Adam Shaheen,MIA,TE,0.0,0,0.0,8.5,81.1,0.7,0.0,0.0,0.0,0,0.0,0.0
93,Tommy Hudson,TEN,TE,0.0,0,0.0,7.6,80.1,0.7,0.0,0.0,0.0,0,0.0,0.0
94,Jeremy Sprinkle,DAL,TE,0.0,0,0.0,8.0,78.1,0.6,0.0,0.0,0.0,0,0.0,0.0
95,Tommy Sweeney,BUF,TE,0.0,0,0.0,7.9,72.8,0.7,0.0,0.0,0.0,0,0.0,0.0
96,Nakia Griffin-Stewart,CLE,TE,0.0,0,0.0,7.2,73.4,0.6,0.0,0.0,0.0,0,0.0,0.0
97,Jeremy Ruckert,NYJ,TE,0.0,0,0.0,7.3,72.8,0.7,0.0,0.0,0.0,0,0.0,0.0
98,Dominique Dafney,GB,TE,0.0,0,0.0,5.3,70.5,0.7,0.0,0.0,0.0,0,0.0,0.0
99,Devin Asiasi,NE,TE,0.0,0,0.0,5.9,77.3,0.6,0.0,0.0,0.0,0,0.0,0.0
100,Charlie Kolar,BAL,TE,0.0,0,0.0,6.9,72.4,0.7,0.0,0.0,0.0,0,0.0,0.0
101,Isaiah Likely,BAL,TE,0.0,0,0.0,6.8,71.3,0.6,0.0,0.0,0.0,0,0.0,0.0
102,Antony Auclair,HOU,TE,0.0,0,0.0,8.1,77.7,0.5,0.1,0.0,0.0,0,0.0,0.0
103,Grant Calcaterra,PHI,TE,0.0,0,0.0,6.6,67.1,0.7,0.0,0.0,0.0,0,0.0,0.0
104,Miller Forristall,CLE,TE,0.0,0,0.0,7.0,71.8,0.6,0.1,0.0,0.0,0,0.0,0.0
105,Colby Parkinson,SEA,TE,0.0,0,0.0,7.2,72.6,0.6,0.1,0.0,0.0,0,0.0,0.0
106,Jacob Hollister,LV,TE,0.0,0,0.0,7.4,66.5,0.6,0.0,0.0,0.0,0,0.0,0.0
107,Hunter Long,MIA,TE,0.0,0,0.0,6.9,65.4,0.6,0.0,0.0,0.0,0,0.0,0.0
108,Cole Turner,WAS,TE,0.0,0,0.0,6.4,60.9,0.6,0.0,0.0,0.0,0,0.0,0.0
109,Chigoziem Okonkwo,TEN,TE,0.0,0,0.0,5.8,59.9,0.6,0.0,0.0,0.0,0,0.0,0.0
110,Andrew Ogletree,IND,TE,0.0,0,0.0,5.9,59.3,0.6,0.0,0.0,0.0,0,0.0,0.0
111,Johnny Mundt,MIN,TE,0.0,0,0.0,5.7,57.6,0.5,0.0,0.0,0.0,0,0.0,0.0
112,Parker Hesse,ATL,TE,0.0,0,0.0,5.4,53.5,0.3,0.0,0.0,0.0,0,0.0,0.0
113,Codey McElroy,TB,TE,0.0,0,0.0,4.3,46.2,0.4,0.0,0.0,0.0,0,0.0,0.0
114,Hunter Kampmoyer,LAC,TE,0.0,0,0.0,3.9,40.1,0.4,0.0,0.0,0.0,0,0.0,0.0
115,Teagan Quitoriano,HOU,TE,0.0,0,0.0,4.2,42.5,0.3,0.0,0.0,0.0,0,0.0,0.0
116,Eric Tomlinson,DEN,TE,0.0,0,0.0,3.5,37.0,0.3,0.0,0.0,0.0,0,0.0,0.0
117,Mitchell Wilcox,CIN,TE,0.0,0,0.0,3.6,36.6,0.3,0.0,0.0,0.0,0,0.0,0.0
118,Zach Gentry,PIT,TE,0.0,0,0.0,4.0,37.5,0.3,0.0,0.0,0.0,0,0.0,0.0
119,Jack Stoll,PHI,TE,0.0,0,0.0,3.3,32.9,0.3,0.0,0.0,0.0,0,0.0,0.0
120,Sammis Reyes,WAS,TE,0.0,0,0.0,3.4,35.5,0.3,0.0,0.0,0.0,0,0.0,0.0
121,Tyler Mabry,SEA,TE,0.0,0,0.0,3.6,36.5,0.2,0.0,0.0,0.0,0,0.0,0.0
122,Stephen Sullivan,CAR,TE,0.0,0,0.0,3.7,37.0,0.2,0.0,0.0,0.0,0,0.0,0.0
123,Ross Dwelley,SF,TE,0.0,0,0.0,3.1,28.9,0.2,0.0,0.0,0.0,0,0.0,0.0
124,Zach Davidson,MIN,TE,0.0,0,0.0,1.8,19.0,0.2,0.0,0.0,0.0,0,0.0,0.0
125,Shane Zylstra,DET,TE,0.0,0,0.0,1.8,18.1,0.2,0.0,0.0,0.0,0,0.0,0.0
126,Chris Myarick,NYG,TE,0.0,0,0.0,1.9,18.6,0.1,0.0,0.0,0.0,0,0.0,0.0
127,John FitzPatrick,ATL,TE,0.0,0,0.0,1.7,17.2,0.1,0.0,0.0,0.0,0,0.0,0.0
128,0,0,TE,0.0,0,0.0,0.0,0,0.0,0.0,0.0,0.0,0,0.0,0.0
129,0,0,TE,0.0,0,0.0,0.0,0,0.0,0.0,0.0,0.0,0,0.0,0.0
